{"type": "FeatureCollection", "features": [{"type": "Feature", "geometry": {"type": "Polygon", "coordinates": [[[121.6024278030829, 24.979434989351915], [121.60487940675996, 24.968101624707426], [121.61740187039868, 24.96535296005614], [121.62747405787783, 24.973938855533248], [121.62502231584068, 24.985272930979626], [121.61249852449465, 24.988020400321464], [121.6024278030829, 24.979434989351915]]]}, "properties": {"hex": "874ba1da3ffffff", "count": 474}}, {"type": "Feature", "geometry": {"type": "Polygon", "coordinates": [[[121.57879327327049, 24.75764318769568], [121.58124383979678, 24.74627661596087], [121.5937588066524, 24.743508692043928], [121.60382453437713, 24.752108542139162], [121.60137382878904, 24.763475835625968], [121.58885753434856, 24.766242557438908], [121.57879327327049, 24.75764318769568]]]}, "properties": {"hex": "874ba0358ffffff", "count": 358}}, {"type": "Feature", "geometry": {"type": "Polygon", "coordinates": [[[121.61634231231776, 24.74933899987567], [121.61879303537327, 24.737968405998487], [121.63131229533973, 24.73519604348851], [121.6413821582253, 24.74379547542365], [121.63893129739104, 24.755166789964036], [121.62641071126023, 24.757937952079622], [121.61634231231776, 24.74933899987567]]]}, "properties": {"hex": "874ba0266ffffff", "count": 353}}, {"type": "Feature", "geometry": {"type": "Polygon", "coordinates": [[[120.79141703944124, 22.217939607237355], [120.79385280826122, 22.206252946864897], [120.80621955242839, 22.203312509032443], [120.8161518717167, 22.212060029082007], [120.81371593871611, 22.223747561295575], [120.8013478504268, 22.22668670177317], [120.79141703944124, 22.217939607237355]]]}, "properties": {"hex": "874b868b4ffffff", "count": 330}}, {"type": "Feature", "geometry": {"type": "Polygon", "coordinates": [[[121.72961734870061, 24.8325217338641], [121.7320689775043, 24.821156023723397], [121.74460341259937, 24.818380754902027], [121.75468754103295, 24.826972388937616], [121.75223577827977, 24.838338811562505], [121.73970002085184, 24.84111288784216], [121.72961734870061, 24.8325217338641]]]}, "properties": {"hex": "874ba1c83ffffff", "count": 283}}, {"type": "Feature", "geometry": {"type": "Polygon", "coordinates": [[[121.54964240580884, 24.94783089284971], [121.55209360881025, 24.93649635886698], [121.56460911405581, 24.93374974961458], [121.57467474561871, 24.942338873312618], [121.57222340247365, 24.953674121559093], [121.55970656771996, 24.956419532017808], [121.54964240580884, 24.94783089284971]]]}, "properties": {"hex": "874ba1db0ffffff", "count": 221}}, {"type": "Feature", "geometry": {"type": "Polygon", "coordinates": [[[121.45202134335676, 24.95841587945993], [121.45447207989274, 24.947090112394193], [121.46697612528618, 24.944354015218337], [121.47703076707889, 24.952944888749073], [121.47457988707536, 24.964271373342484], [121.462074508558, 24.96700626705097], [121.45202134335676, 24.95841587945993]]]}, "properties": {"hex": "874ba0ae1ffffff", "count": 215}}, {"type": "Feature", "geometry": {"type": "Polygon", "coordinates": [[[120.49810047658131, 23.333754150176244], [120.50053879868321, 23.322251127266963], [120.51289149427073, 23.319446661199777], [120.52280722645558, 23.32814650887925], [120.52036872990118, 23.339650362452975], [120.50801467543472, 23.342453537842218], [120.49810047658131, 23.333754150176244]]]}, "properties": {"hex": "874ba2419ffffff", "count": 201}}, {"type": "Feature", "geometry": {"type": "Polygon", "coordinates": [[[120.87919165548708, 23.925024208609692], [120.88163485206773, 23.91358085826253], [120.89404741845921, 23.910798655572105], [120.90401813680992, 23.91946106126388], [120.9015747780376, 23.930905199177914], [120.88916086292294, 23.933686143998433], [120.87919165548708, 23.925024208609692]]]}, "properties": {"hex": "874ba2aa6ffffff", "count": 170}}, {"type": "Feature", "geometry": {"type": "Polygon", "coordinates": [[[121.75112592276491, 24.62183215667778], [121.75357678756129, 24.610431890050858], [121.7661093192373, 24.607634155042458], [121.7761923065203, 24.616237883453476], [121.7737413086044, 24.627638871191643], [121.76120745633443, 24.63043540958133], [121.75112592276491, 24.62183215667778]]]}, "properties": {"hex": "874ba1584ffffff", "count": 170}}, {"type": "Feature", "geometry": {"type": "Polygon", "coordinates": [[[121.47714734291124, 23.899206275241067], [121.47959386277184, 23.887714703020617], [121.49207872455972, 23.88487331289131], [121.5021183937843, 23.893524722761434], [121.49967173181449, 23.905017059892987], [121.48718554254147, 23.907857222412094], [121.47714734291124, 23.899206275241067]]]}, "properties": {"hex": "874ba3cc6ffffff", "count": 170}}, {"type": "Feature", "geometry": {"type": "Polygon", "coordinates": [[[120.7889662407687, 23.683502714586705], [120.7914078886025, 23.672029714659878], [120.80380425731389, 23.669232351488613], [120.81376032872694, 23.677909256416115], [120.81131851583669, 23.689383058855785], [120.79892079640746, 23.69217915401838], [120.7889662407687, 23.683502714586705]]]}, "properties": {"hex": "874ba200bffffff", "count": 140}}, {"type": "Feature", "geometry": {"type": "Polygon", "coordinates": [[[121.28644901519745, 24.843532173409404], [121.2888983772599, 24.83220041439653], [121.30138003249525, 24.829469151700668], [121.31141366406443, 24.83807086297079], [121.30896415298403, 24.849403351085623], [121.2964811591651, 24.852133399000422], [121.28644901519745, 24.843532173409404]]]}, "properties": {"hex": "874ba0a82ffffff", "count": 132}}, {"type": "Feature", "geometry": {"type": "Polygon", "coordinates": [[[121.4064303568158, 24.83885110459384], [121.40888035527419, 24.82750982452769], [121.421376398011, 24.82476648777302], [121.43142377634193, 24.83336564008448], [121.42897363292757, 24.844707644875896], [121.41647625595009, 24.847449772803287], [121.4064303568158, 24.83885110459384]]]}, "properties": {"hex": "874ba0ad2ffffff", "count": 129}}, {"type": "Feature", "geometry": {"type": "Polygon", "coordinates": [[[120.8952305227631, 24.236823122609245], [120.89767509377293, 24.22542613300191], [120.91009612614272, 24.22267300098201], [120.92007393689879, 24.23131810841587], [120.91762920406235, 24.242715870307116], [120.90520682211276, 24.24546775264741], [120.8952305227631, 24.236823122609245]]]}, "properties": {"hex": "874ba04d5ffffff", "count": 122}}, {"type": "Feature", "geometry": {"type": "Polygon", "coordinates": [[[121.5806234121716, 25.135166575866588], [121.5830755506698, 25.12385947819447], [121.5955987164486, 25.121128087925864], [121.60567107275016, 25.129704987900563], [121.60321879507543, 25.14101279017684], [121.59069430008586, 25.143742988049247], [121.5806234121716, 25.135166575866588]]]}, "properties": {"hex": "874ba5698ffffff", "count": 120}}, {"type": "Feature", "geometry": {"type": "Polygon", "coordinates": [[[121.60137382878904, 24.763475835625968], [121.60382453437713, 24.752108542139162], [121.61634231231776, 24.74933899987567], [121.62641071126023, 24.757937952079622], [121.62395986737673, 24.769305966174166], [121.6114407626566, 24.772074307630557], [121.60137382878904, 24.763475835625968]]]}, "properties": {"hex": "874ba0359ffffff", "count": 119}}, {"type": "Feature", "geometry": {"type": "Polygon", "coordinates": [[[121.58222101349799, 23.908092748825744], [121.58466811542885, 23.896594859094286], [121.59716570591895, 23.893744357522316], [121.60721751797914, 23.902392967795045], [121.60477027749718, 23.91389161775381], [121.59227136331742, 23.916740897382006], [121.58222101349799, 23.908092748825744]]]}, "properties": {"hex": "874ba3cc9ffffff", "count": 109}}, {"type": "Feature", "geometry": {"type": "Polygon", "coordinates": [[[121.30138003249525, 24.829469151700668], [121.30382941921378, 24.818134086955126], [121.31631258619537, 24.815400004129874], [121.32634770425584, 24.824002200607026], [121.32389816903081, 24.835337994530352], [121.31141366406443, 24.83807086297079], [121.30138003249525, 24.829469151700668]]]}, "properties": {"hex": "874ba0a9cffffff", "count": 103}}, {"type": "Feature", "geometry": {"type": "Polygon", "coordinates": [[[121.54938379614225, 24.893889048537424], [121.55183477461213, 24.88254602506682], [121.56434910929438, 24.879794192912616], [121.57441379459296, 24.888386584581358], [121.57196267599613, 24.899730324769948], [121.55944701203829, 24.902480956745578], [121.54938379614225, 24.893889048537424]]]}, "properties": {"hex": "874ba1d96ffffff", "count": 100}}, {"type": "Feature", "geometry": {"type": "Polygon", "coordinates": [[[121.5072658225496, 23.925157031036914], [121.50971260630459, 23.913667195832122], [121.52220161099359, 23.910825457049945], [121.53224515824375, 23.919474779105983], [121.52979823338744, 23.930965376811226], [121.51730790219415, 23.93380589012904], [121.5072658225496, 23.925157031036914]]]}, "properties": {"hex": "874ba3cc5ffffff", "count": 99}}, {"type": "Feature", "geometry": {"type": "Polygon", "coordinates": [[[121.29379700162019, 24.809531015040303], [121.29624626390151, 24.798193375579096], [121.30872809271646, 24.795458077478077], [121.31876199722939, 24.80406163428593], [121.31631258619537, 24.815400004129874], [121.30382941921378, 24.818134086955126], [121.29379700162019, 24.809531015040303]]]}, "properties": {"hex": "874ba0a9effffff", "count": 98}}, {"type": "Feature", "geometry": {"type": "Polygon", "coordinates": [[[121.69937706080306, 24.806743650251295], [121.70182843496598, 24.795376066512233], [121.71435875178686, 24.79260123142868], [121.72443901759857, 24.80119517498655], [121.72198750846408, 24.8125634735525], [121.70945586829906, 24.815337113908004], [121.69937706080306, 24.806743650251295]]]}, "properties": {"hex": "874ba1c91ffffff", "count": 97}}, {"type": "Feature", "geometry": {"type": "Polygon", "coordinates": [[[121.647622310393, 24.991108322239757], [121.6500741900223, 24.979773537125848], [121.6626022709529, 24.977021612220213], [121.67267979815287, 24.985605665321025], [121.67022778170004, 24.996941158967527], [121.65769837468056, 24.99969189115538], [121.647622310393, 24.991108322239757]]]}, "properties": {"hex": "874ba1da8ffffff", "count": 95}}, {"type": "Feature", "geometry": {"type": "Polygon", "coordinates": [[[121.27128697009387, 24.803659548708367], [121.27373608286531, 24.792322640759508], [121.28621506038968, 24.789588945827152], [121.29624626390151, 24.798193375579096], [121.29379700162019, 24.809531015040303], [121.28131668514978, 24.812263493408963], [121.27128697009387, 24.803659548708367]]]}, "properties": {"hex": "874ba0a93ffffff", "count": 89}}, {"type": "Feature", "geometry": {"type": "Polygon", "coordinates": [[[121.5115945186793, 24.848168268227997], [121.51404511225788, 24.836820791050005], [121.52655396711971, 24.834068174437334], [121.53661355866888, 24.842664238430807], [121.53416282369956, 24.854012435860135], [121.52165263838279, 24.856763849218016], [121.5115945186793, 24.848168268227997]]]}, "properties": {"hex": "874ba0366ffffff", "count": 87}}, {"type": "Feature", "geometry": {"type": "Polygon", "coordinates": [[[121.00921069435866, 22.809076299663932], [121.01165016939157, 22.79745773996114], [121.02405582571431, 22.79455461280675], [121.03402334609295, 22.80327132038263], [121.03158371378419, 22.814890714859928], [121.01917671818936, 22.817792567146643], [121.00921069435866, 22.809076299663932]]]}, "properties": {"hex": "874b84c9bffffff", "count": 87}}, {"type": "Feature", "geometry": {"type": "Polygon", "coordinates": [[[121.50576951140722, 25.205266864296814], [121.5082215549288, 25.193976349146148], [121.52073726942315, 25.19125909597129], [121.53080227248238, 25.199833552454784], [121.52835008720126, 25.21112477188188], [121.51583304043112, 25.213840830723875], [121.50576951140722, 25.205266864296814]]]}, "properties": {"hex": "874ba56b5ffffff", "count": 85}}, {"type": "Feature", "geometry": {"type": "Polygon", "coordinates": [[[121.42897363292757, 24.844707644875896], [121.43142377634193, 24.83336564008448], [121.44392265332205, 24.830620691042146], [121.45397272014907, 24.839218954499906], [121.45152243254026, 24.8505616828832], [121.43902222211051, 24.853305424389692], [121.42897363292757, 24.844707644875896]]]}, "properties": {"hex": "874ba0ad3ffffff", "count": 84}}, {"type": "Feature", "geometry": {"type": "Polygon", "coordinates": [[[121.52706690735688, 24.941985130055798], [121.52951796944912, 24.930651311470015], [121.5420306551155, 24.927906325744885], [121.55209360881025, 24.93649635886698], [121.54964240580884, 24.94783089284971], [121.53712838983262, 24.950574678487257], [121.52706690735688, 24.941985130055798]]]}, "properties": {"hex": "874ba1db6ffffff", "count": 84}}, {"type": "Feature", "geometry": {"type": "Polygon", "coordinates": [[[121.3312466745061, 24.801324731494596], [121.33369610951483, 24.789983057189982], [121.34618229563455, 24.787243334599065], [121.35622038334301, 24.795846500073203], [121.35377080085146, 24.80718890370391], [121.34128327794666, 24.809927412706504], [121.3312466745061, 24.801324731494596]]]}, "properties": {"hex": "874ba0a9bffffff", "count": 79}}, {"type": "Feature", "geometry": {"type": "Polygon", "coordinates": [[[121.44392265332205, 24.830620691042146], [121.44637281814742, 24.819275381434874], [121.45887319366886, 24.816527611453395], [121.46892473701975, 24.82512635838632], [121.46647442851382, 24.836472391652652], [121.45397272014907, 24.839218954499906], [121.44392265332205, 24.830620691042146]]]}, "properties": {"hex": "874ba032dffffff", "count": 78}}, {"type": "Feature", "geometry": {"type": "Polygon", "coordinates": [[[121.49815923629193, 25.18540096452495], [121.50061115748665, 25.174107837128766], [121.51312553951647, 25.17138938871483], [121.52318933262684, 25.17996526311087], [121.52073726942315, 25.19125909597129], [121.5082215549288, 25.193976349146148], [121.49815923629193, 25.18540096452495]]]}, "properties": {"hex": "874ba56b0ffffff", "count": 75}}, {"type": "Feature", "geometry": {"type": "Polygon", "coordinates": [[[121.55673662869384, 24.85985408416832], [121.55918750428917, 24.848505167624783], [121.57170199766958, 24.845749312355217], [121.58176694411824, 24.854343574468526], [121.57931592866228, 24.865693208988475], [121.56680010642889, 24.868447863592362], [121.55673662869384, 24.85985408416832]]]}, "properties": {"hex": "874ba0361ffffff", "count": 74}}, {"type": "Feature", "geometry": {"type": "Polygon", "coordinates": [[[121.49132055137669, 23.72082954947208], [121.49376642050575, 23.709309982978667], [121.50624927656534, 23.70645001387927], [121.51628758949155, 23.715110842244222], [121.51384157881704, 23.72663118124059], [121.50135739657397, 23.729489919537027], [121.49132055137669, 23.72082954947208]]]}, "properties": {"hex": "874ba3519ffffff", "count": 72}}, {"type": "Feature", "geometry": {"type": "Polygon", "coordinates": [[[121.63893129739104, 24.755166789964036], [121.6413821582253, 24.74379547542365], [121.65390422429053, 24.74102149285482], [121.66397675468747, 24.749620024096462], [121.66152575684185, 24.760992058153832], [121.64900236542078, 24.76376484162628], [121.63893129739104, 24.755166789964036]]]}, "properties": {"hex": "874ba0260ffffff", "count": 71}}, {"type": "Feature", "geometry": {"type": "Polygon", "coordinates": [[[120.66211761489221, 23.55917123731359], [120.66455794201671, 23.54768921910971], [120.67693590840963, 23.544891574895356], [120.68687490193814, 23.553577226349105], [120.68443440563026, 23.565060057971255], [120.67205508479601, 23.56785642488316], [120.66211761489221, 23.55917123731359]]]}, "properties": {"hex": "874ba2080ffffff", "count": 71}}, {"type": "Feature", "geometry": {"type": "Polygon", "coordinates": [[[121.58088505384272, 25.1889490780789], [121.58333741707256, 25.177650520408317], [121.5958617550009, 25.174924341918246], [121.60593505895281, 25.183497912251617], [121.60348255653007, 25.194797172088524], [121.59095688915845, 25.197522159600915], [121.58088505384272, 25.1889490780789]]]}, "properties": {"hex": "874ba5681ffffff", "count": 64}}, {"type": "Feature", "geometry": {"type": "Polygon", "coordinates": [[[121.76042591316568, 24.966299548085818], [121.76287824452007, 24.954952715704074], [121.77541914262501, 24.952187413573874], [121.78550903096291, 24.96077013161272], [121.78305656665323, 24.972117669271636], [121.77051434676993, 24.974881783789865], [121.76042591316568, 24.966299548085818]]]}, "properties": {"hex": "874ba1c02ffffff", "count": 64}}, {"type": "Feature", "geometry": {"type": "Polygon", "coordinates": [[[121.59847940995445, 24.16654035885401], [121.60092764917849, 24.15508070723884], [121.61343255946504, 24.152253617995456], [121.62349055457169, 24.160887395790475], [121.62104217722997, 24.1723477952095], [121.60853594271025, 24.175173669200458], [121.59847940995445, 24.16654035885401]]]}, "properties": {"hex": "874ba3882ffffff", "count": 61}}, {"type": "Feature", "geometry": {"type": "Polygon", "coordinates": [[[121.26370758242369, 24.783717340715437], [121.26615657043686, 24.772377861175688], [121.27863420883433, 24.769642948789624], [121.2886641981585, 24.778248733568645], [121.28621506038968, 24.789588945827152], [121.27373608286531, 24.792322640759508], [121.26370758242369, 24.783717340715437]]]}, "properties": {"hex": "874ba006cffffff", "count": 58}}, {"type": "Feature", "geometry": {"type": "Polygon", "coordinates": [[[121.53416282369956, 24.854012435860135], [121.53661355866888, 24.842664238430807], [121.5491252342308, 24.8399100032461], [121.55918750428917, 24.848505167624783], [121.55673662869384, 24.85985408416832], [121.54422362347697, 24.86260711739248], [121.53416282369956, 24.854012435860135]]]}, "properties": {"hex": "874ba0360ffffff", "count": 57}}, {"type": "Feature", "geometry": {"type": "Polygon", "coordinates": [[[121.51409636283786, 23.78135067367549], [121.51654259714854, 23.769838567760203], [121.52902943119689, 23.766982288561483], [121.53907135636778, 23.77563934373936], [121.53662498125446, 23.78715221845378], [121.52413682158482, 23.79000726935962], [121.51409636283786, 23.78135067367549]]]}, "properties": {"hex": "874ba350dffffff", "count": 56}}, {"type": "Feature", "geometry": {"type": "Polygon", "coordinates": [[[121.55967722122298, 23.902291479756688], [121.56212418384028, 23.89079435143688], [121.57461896879249, 23.887945429397494], [121.58466811542885, 23.896594859094286], [121.58222101349799, 23.908092748825744], [121.56972490405585, 23.910940447618028], [121.55967722122298, 23.902291479756688]]]}, "properties": {"hex": "874ba3cc8ffffff", "count": 54}}, {"type": "Feature", "geometry": {"type": "Polygon", "coordinates": [[[121.51435119382165, 23.836034220524997], [121.51679765180931, 23.824530360318196], [121.52928565135554, 23.82167933763956], [121.539328518579, 23.830333402413107], [121.53688191977179, 23.841838028907425], [121.52439259437259, 23.844687824509357], [121.51435119382165, 23.836034220524997]]]}, "properties": {"hex": "874ba3cdaffffff", "count": 54}}, {"type": "Feature", "geometry": {"type": "Polygon", "coordinates": [[[121.30896415298403, 24.849403351085623], [121.31141366406443, 24.83807086297079], [121.32389816903081, 24.835337994530352], [121.33393450053208, 24.843938827869966], [121.33148484119155, 24.85527204395846], [121.31899899842242, 24.858003698905865], [121.30896415298403, 24.849403351085623]]]}, "properties": {"hex": "874ba0a83ffffff", "count": 51}}, {"type": "Feature", "geometry": {"type": "Polygon", "coordinates": [[[121.48373078004683, 23.700648360658874], [121.48617652729665, 23.689126311508794], [121.49865805698593, 23.68626511077167], [121.508695165608, 23.694927190990153], [121.50624927656534, 23.70645001387927], [121.49376642050575, 23.709309982978667], [121.48373078004683, 23.700648360658874]]]}, "properties": {"hex": "874ba351bffffff", "count": 51}}, {"type": "Feature", "geometry": {"type": "Polygon", "coordinates": [[[121.48398274053226, 23.75537676430205], [121.48642871138173, 23.74386294065026], [121.49891140564165, 23.741007001270223], [121.50894945546654, 23.749666116142695], [121.50650334280702, 23.761180711015434], [121.49401932194486, 23.76403541996282], [121.48398274053226, 23.75537676430205]]]}, "properties": {"hex": "874ba350effffff", "count": 51}}, {"type": "Feature", "geometry": {"type": "Polygon", "coordinates": [[[121.30872809271646, 24.795458077478077], [121.31117737948402, 24.784117133631067], [121.32366071919311, 24.781379015962365], [121.33369610951483, 24.789983057189982], [121.3312466745061, 24.801324731494596], [121.31876199722939, 24.80406163428593], [121.30872809271646, 24.795458077478077]]]}, "properties": {"hex": "874ba0a9affffff", "count": 50}}, {"type": "Feature", "geometry": {"type": "Polygon", "coordinates": [[[121.80512747738553, 24.86991895347269], [121.80757962455812, 24.85855370324634], [121.82012374675313, 24.855774728653515], [121.83021704125798, 24.86436219221382], [121.82776476270436, 24.875728150289387], [121.81521932083567, 24.87850593713058], [121.80512747738553, 24.86991895347269]]]}, "properties": {"hex": "874ba1cf2ffffff", "count": 49}}, {"type": "Feature", "geometry": {"type": "Polygon", "coordinates": [[[121.3981024631506, 24.65682747105734], [121.40055166541363, 24.64545828254266], [121.41304287341883, 24.642698006029043], [121.42308621269689, 24.65130813201892], [121.42063686528464, 24.662678053899185], [121.40814432355559, 24.665437116595857], [121.3981024631506, 24.65682747105734]]]}, "properties": {"hex": "874ba03abffffff", "count": 48}}, {"type": "Feature", "geometry": {"type": "Polygon", "coordinates": [[[121.53441999102012, 24.907977775032506], [121.53687095048234, 24.896638058058105], [121.54938379614225, 24.893889048537424], [121.55944701203829, 24.902480956745578], [121.55699591193324, 24.913821390376278], [121.54448173638566, 24.91656919931627], [121.53441999102012, 24.907977775032506]]]}, "properties": {"hex": "874ba0ac9ffffff", "count": 48}}, {"type": "Feature", "geometry": {"type": "Polygon", "coordinates": [[[121.48877882700086, 24.788323078320623], [121.49122905400714, 24.776967858159836], [121.50373391637368, 24.774211626448093], [121.51378988256506, 24.78281182099136], [121.51133951342135, 24.794167765006044], [121.4988333200349, 24.79692279079653], [121.48877882700086, 24.788323078320623]]]}, "properties": {"hex": "874ba0372ffffff", "count": 47}}, {"type": "Feature", "geometry": {"type": "Polygon", "coordinates": [[[121.72851598322804, 24.616022921288348], [121.73096671413464, 24.604623376929915], [121.74349645569079, 24.601827262263875], [121.75357678756129, 24.610431890050858], [121.75112592276491, 24.62183215667778], [121.73859485979736, 24.62462707342285], [121.72851598322804, 24.616022921288348]]]}, "properties": {"hex": "874ba15b1ffffff", "count": 45}}, {"type": "Feature", "geometry": {"type": "Polygon", "coordinates": [[[121.4923315421283, 23.93948253554804], [121.49477830597827, 23.927995966790682], [121.5072658225496, 23.925157031036914], [121.51730790219415, 23.93380589012904], [121.51486099673012, 23.94529322133762], [121.50237215304759, 23.94813093117189], [121.4923315421283, 23.93948253554804]]]}, "properties": {"hex": "874ba3ce3ffffff", "count": 44}}, {"type": "Feature", "geometry": {"type": "Polygon", "coordinates": [[[121.85862725090001, 25.009482107951953], [121.86108022772392, 24.998135068549374], [121.87363358346201, 24.99536438953408], [121.88373528046473, 25.003941931613348], [121.8812821740338, 25.01528967053717], [121.8687275000154, 25.01805916803654], [121.85862725090001, 25.009482107951953]]]}, "properties": {"hex": "874ba1c72ffffff", "count": 44}}, {"type": "Feature", "geometry": {"type": "Polygon", "coordinates": [[[121.73780071016569, 24.960478858763317], [121.7402529077929, 24.949132732799377], [121.75279101376648, 24.94636906672653], [121.76287824452007, 24.954952715704074], [121.76042591316568, 24.966299548085818], [121.74788648459406, 24.969062025247382], [121.73780071016569, 24.960478858763317]]]}, "properties": {"hex": "874ba1c15ffffff", "count": 43}}, {"type": "Feature", "geometry": {"type": "Polygon", "coordinates": [[[120.85758891644588, 24.1365710745083], [120.86003284360548, 24.12516155160853], [120.87244712555557, 24.122402158221952], [120.88241883058201, 24.13105354190056], [120.87997474039703, 24.142463843251093], [120.86755910802772, 24.14522198263833], [120.85758891644588, 24.1365710745083]]]}, "properties": {"hex": "874ba2b04ffffff", "count": 40}}, {"type": "Feature", "geometry": {"type": "Polygon", "coordinates": [[[121.469556868952, 23.87906248444986], [121.47200326670392, 23.867568413606445], [121.48448680082006, 23.86472579502301], [121.49452526466824, 23.87337847590573], [121.49207872455972, 23.88487331289131], [121.47959386277184, 23.887714703020617], [121.469556868952, 23.87906248444986]]]}, "properties": {"hex": "874ba3cd5ffffff", "count": 39}}, {"type": "Feature", "geometry": {"type": "Polygon", "coordinates": [[[120.78145455455198, 23.663352085612214], [120.78389607285376, 23.65187662847218], [120.79629109068271, 23.649077996453748], [120.80624594091, 23.657756090585615], [120.80380425731389, 23.669232351488613], [120.7914078886025, 23.672029714659878], [120.78145455455198, 23.663352085612214]]]}, "properties": {"hex": "874ba20e4ffffff", "count": 38}}, {"type": "Feature", "geometry": {"type": "Polygon", "coordinates": [[[121.3917296584222, 24.9068575710028], [121.39417985902305, 24.895528068561116], [121.40667556687958, 24.89279279211078], [121.41672240902632, 24.901388226113976], [121.41427206293797, 24.912718450738787], [121.4017750200022, 24.915452519350207], [121.3917296584222, 24.9068575710028]]]}, "properties": {"hex": "874ba0af0ffffff", "count": 37}}, {"type": "Feature", "geometry": {"type": "Polygon", "coordinates": [[[121.09054456586009, 24.540579322174462], [121.0929915592599, 24.529214678279594], [121.10544298509679, 24.526472651128373], [121.11544876151106, 24.535096500369804], [121.11300161265349, 24.546461894850378], [121.10054884265386, 24.5492026896733], [121.09054456586009, 24.540579322174462]]]}, "properties": {"hex": "874ba0088ffffff", "count": 37}}, {"type": "Feature", "geometry": {"type": "Polygon", "coordinates": [[[121.64106815549374, 25.186613275753608], [121.64352081326793, 25.175309998111324], [121.65605226000307, 25.172577715145273], [121.66613237598267, 25.181149897998633], [121.66367958107068, 25.19245387562077], [121.65114680712661, 25.19518497058522], [121.64106815549374, 25.186613275753608]]]}, "properties": {"hex": "874ba5689ffffff", "count": 36}}, {"type": "Feature", "geometry": {"type": "Polygon", "coordinates": [[[121.6849393587482, 24.928898656730205], [121.6873911664758, 24.91755135001058], [121.69992235498376, 24.9147897591264], [121.71000305999966, 24.923376667537326], [121.70755111675162, 24.934724684147078], [121.69501860381767, 24.937485082630513], [121.6849393587482, 24.928898656730205]]]}, "properties": {"hex": "874ba1d8bffffff", "count": 36}}, {"type": "Feature", "geometry": {"type": "Polygon", "coordinates": [[[121.59480989234284, 24.959514812016682], [121.59726137486531, 24.94817885064025], [121.60978251060516, 24.94542898978469], [121.61985349153164, 24.954016286684173], [121.61740187039868, 24.96535296005614], [121.60487940675996, 24.968101624707426], [121.59480989234284, 24.959514812016682]]]}, "properties": {"hex": "874ba1d84ffffff", "count": 36}}, {"type": "Feature", "geometry": {"type": "Polygon", "coordinates": [[[121.76834104196035, 25.040161504169134], [121.77079371732451, 25.02882579471314], [121.78333711251194, 25.026066878922553], [121.79342915395571, 25.034644858096847], [121.79097634587427, 25.04598126921345], [121.77843162887518, 25.048738999670785], [121.76834104196035, 25.040161504169134]]]}, "properties": {"hex": "874ba1c21ffffff", "count": 35}}, {"type": "Feature", "geometry": {"type": "Polygon", "coordinates": [[[121.01628457804192, 24.665012700776998], [121.0187316449857, 24.653672943573127], [121.03117656685619, 24.65095026995651], [121.04117576892422, 24.659568586675206], [121.0387285439678, 24.670909091508967], [121.02628227477092, 24.673630532163752], [121.01628457804192, 24.665012700776998]]]}, "properties": {"hex": "874ba0032ffffff", "count": 35}}, {"type": "Feature", "geometry": {"type": "Polygon", "coordinates": [[[121.50675745587633, 23.815875489022627], [121.50920379219353, 23.804369134819588], [121.5216904656991, 23.801516884223833], [121.53173212874013, 23.81017221591678], [121.52928565135554, 23.82167933763956], [121.51679765180931, 23.824530360318196], [121.50675745587633, 23.815875489022627]]]}, "properties": {"hex": "874ba3529ffffff", "count": 34}}, {"type": "Feature", "geometry": {"type": "Polygon", "coordinates": [[[121.37557358793974, 24.650974415493387], [121.37802264429371, 24.639605961485458], [121.3905110158688, 24.63684728736971], [121.40055166541363, 24.64545828254266], [121.3981024631506, 24.65682747105734], [121.38561275706401, 24.659584930064018], [121.37557358793974, 24.650974415493387]]]}, "properties": {"hex": "874ba03aaffffff", "count": 33}}, {"type": "Feature", "geometry": {"type": "Polygon", "coordinates": [[[121.57378877325606, 25.2765522024898], [121.57624146455257, 25.26526813485914], [121.5887668173369, 25.26255118513828], [121.59884080873456, 25.271119492250357], [121.59638797796183, 25.282404258363847], [121.58386129507771, 25.285120019057924], [121.57378877325606, 25.2765522024898]]]}, "properties": {"hex": "874ba5610ffffff", "count": 33}}, {"type": "Feature", "geometry": {"type": "Polygon", "coordinates": [[[121.7375244657854, 24.906496075482856], [121.73997643877611, 24.895141447037616], [121.75251337036717, 24.892372576720245], [121.7625996511443, 24.900959525309815], [121.7601475444413, 24.912314862607015], [121.7476092904827, 24.91508254263759], [121.7375244657854, 24.906496075482856]]]}, "properties": {"hex": "874ba1cacffffff", "count": 33}}, {"type": "Feature", "geometry": {"type": "Polygon", "coordinates": [[[120.68425691328517, 23.510430054890968], [120.68669718673196, 23.498939084944286], [120.69907692167313, 23.49613457868236], [120.70901773646456, 23.5048223197736], [120.70657729459269, 23.5163141045823], [120.69419620617307, 23.519117333599375], [120.68425691328517, 23.510430054890968]]]}, "properties": {"hex": "874ba2098ffffff", "count": 33}}, {"type": "Feature", "geometry": {"type": "Polygon", "coordinates": [[[121.41304287341883, 24.642698006029043], [121.41549209778273, 24.631325519815473], [121.42798480624909, 24.628562425988015], [121.4380296232832, 24.63717303195211], [121.43558025428297, 24.64854625159755], [121.42308621269689, 24.65130813201892], [121.41304287341883, 24.642698006029043]]]}, "properties": {"hex": "874ba038dffffff", "count": 33}}, {"type": "Feature", "geometry": {"type": "Polygon", "coordinates": [[[120.70729574756677, 23.734631667951962], [120.70973708122585, 23.72317252281752], [120.72212432003627, 23.72038786988455], [120.73207157871904, 23.729063633287932], [120.72963007727097, 23.74052358172464], [120.71724148474738, 23.74330696361874], [120.70729574756677, 23.734631667951962]]]}, "properties": {"hex": "874ba2023ffffff", "count": 32}}, {"type": "Feature", "geometry": {"type": "Polygon", "coordinates": [[[121.45812315351561, 24.654392019914415], [121.46057266639124, 24.64301806798022], [121.47307103503519, 24.64025176439766], [121.48312122215128, 24.648860623740468], [121.4806715661619, 24.660235306819654], [121.46817186598173, 24.663000399583247], [121.45812315351561, 24.654392019914415]]]}, "properties": {"hex": "874ba0233ffffff", "count": 32}}, {"type": "Feature", "geometry": {"type": "Polygon", "coordinates": [[[121.39785815185957, 24.60272617414399], [121.40030712989909, 24.59134856510971], [121.41279717157052, 24.588583041828088], [121.42283956850444, 24.5971963429195], [121.42039044533378, 24.60857468780424], [121.40789907017242, 24.61133899591872], [121.39785815185957, 24.60272617414399]]]}, "properties": {"hex": "874ba038affffff", "count": 32}}, {"type": "Feature", "geometry": {"type": "Polygon", "coordinates": [[[121.56382924380198, 24.77177156210353], [121.56627979200157, 24.760408291372073], [121.57879327327049, 24.75764318769568], [121.58885753434856, 24.766242557438908], [121.58640684657117, 24.7776065498645], [121.57389203710416, 24.780370451026062], [121.56382924380198, 24.77177156210353]]]}, "properties": {"hex": "874ba035cffffff", "count": 32}}, {"type": "Feature", "geometry": {"type": "Polygon", "coordinates": [[[121.587455238049, 24.99351088482304], [121.58990682392646, 24.98218082954435], [121.6024278030829, 24.979434989351915], [121.61249852449465, 24.988020400321464], [121.61004679974015, 24.999351166342322], [121.59752449226121, 25.002095810825892], [121.587455238049, 24.99351088482304]]]}, "properties": {"hex": "874ba1da0ffffff", "count": 32}}, {"type": "Feature", "geometry": {"type": "Polygon", "coordinates": [[[121.48294195061207, 25.145657086562647], [121.48539362692341, 25.13435874024664], [121.49790534345905, 25.13163789863917], [121.50796671633543, 25.140216600571243], [121.50551489751668, 25.151515654729756], [121.49300184813985, 25.154235299288157], [121.48294195061207, 25.145657086562647]]]}, "properties": {"hex": "874ba0b49ffffff", "count": 31}}, {"type": "Feature", "geometry": {"type": "Polygon", "coordinates": [[[121.5937588066524, 24.743508692043928], [121.59620939116236, 24.732138819975486], [121.60872584213212, 24.72936807602015], [121.61879303537327, 24.737968405998487], [121.61634231231776, 24.74933899987567], [121.60382453437713, 24.752108542139162], [121.5937588066524, 24.743508692043928]]]}, "properties": {"hex": "874ba035bffffff", "count": 31}}, {"type": "Feature", "geometry": {"type": "Polygon", "coordinates": [[[121.49157322919679, 23.77554675589167], [121.49401932194486, 23.76403541996282], [121.50650334280702, 23.761180711015434], [121.51654259714854, 23.769838567760203], [121.51409636283786, 23.78135067367549], [121.5016110155604, 23.7842041530278], [121.49157322919679, 23.77554675589167]]]}, "properties": {"hex": "874ba350cffffff", "count": 30}}, {"type": "Feature", "geometry": {"type": "Polygon", "coordinates": [[[121.21113612302136, 24.7520203358784], [121.21358468393153, 24.74067975791249], [121.22605526887263, 24.73794682380528], [121.23607863357454, 24.746555688751823], [121.233629921152, 24.757897002903665], [121.22115799535332, 24.760628716094203], [121.21113612302136, 24.7520203358784]]]}, "properties": {"hex": "874ba0062ffffff", "count": 29}}, {"type": "Feature", "geometry": {"type": "Polygon", "coordinates": [[[121.60608758269473, 24.18663079224479], [121.60853594271025, 24.175173669200458], [121.62104217722997, 24.1723477952095], [121.63110137558719, 24.180980258829244], [121.6286528777034, 24.19243812845777], [121.61614531914152, 24.195262788053284], [121.60608758269473, 24.18663079224479]]]}, "properties": {"hex": "874ba3880ffffff", "count": 29}}, {"type": "Feature", "geometry": {"type": "Polygon", "coordinates": [[[120.67693590840963, 23.544891574895356], [120.67937627411573, 23.533406300382318], [120.69175580221781, 23.53060586364855], [120.70169631831203, 23.5392919784484], [120.6992557839198, 23.550778066474123], [120.68687490193814, 23.553577226349105], [120.67693590840963, 23.544891574895356]]]}, "properties": {"hex": "874ba2083ffffff", "count": 29}}, {"type": "Feature", "geometry": {"type": "Polygon", "coordinates": [[[121.53467720583643, 24.96190590392612], [121.53712838983262, 24.950574678487257], [121.54964240580884, 24.94783089284971], [121.55970656771996, 24.956419532017808], [121.5572552430641, 24.96775147165792], [121.54473989696747, 24.970494058102663], [121.53467720583643, 24.96190590392612]]]}, "properties": {"hex": "874ba1db4ffffff", "count": 28}}, {"type": "Feature", "geometry": {"type": "Polygon", "coordinates": [[[121.60084713355506, 24.655273540033093], [121.60329739034472, 24.6438893495968], [121.61581282674766, 24.641109358303957], [121.6258793324874, 24.649714761127978], [121.62342893743464, 24.661099677092096], [121.61091217471572, 24.66387846487741], [121.60084713355506, 24.655273540033093]]]}, "properties": {"hex": "874ba0256ffffff", "count": 27}}, {"type": "Feature", "geometry": {"type": "Polygon", "coordinates": [[[121.47639333503069, 23.735203029398413], [121.47883918390563, 23.723686720121357], [121.49132055137669, 23.72082954947208], [121.50135739657397, 23.729489919537027], [121.49891140564165, 23.741007001270223], [121.48642871138173, 23.74386294065026], [121.47639333503069, 23.735203029398413]]]}, "properties": {"hex": "874ba351dffffff", "count": 27}}, {"type": "Feature", "geometry": {"type": "Polygon", "coordinates": [[[121.08320339101013, 24.57466157070923], [121.08565048172692, 24.563302768844565], [121.09810172269756, 24.560564788174265], [121.10810721734067, 24.569186841389804], [121.10565997090204, 24.580546392538125], [121.09320738535665, 24.58328314135685], [121.08320339101013, 24.57466157070923]]]}, "properties": {"hex": "874ba00abffffff", "count": 27}}, {"type": "Feature", "geometry": {"type": "Polygon", "coordinates": [[[121.50398820133256, 24.82822383009245], [121.50643867279683, 24.816873770002342], [121.51894619701514, 24.81411994924518], [121.52900458022373, 24.822717392895832], [121.52655396711971, 24.834068174437334], [121.51404511225788, 24.836820791050005], [121.50398820133256, 24.82822383009245]]]}, "properties": {"hex": "874ba0375ffffff", "count": 27}}, {"type": "Feature", "geometry": {"type": "Polygon", "coordinates": [[[121.14104379001695, 24.08420709719667], [121.14348920521682, 24.07276842702234], [121.1559372757168, 24.069976939886157], [121.16594127116356, 24.078625363839375], [121.16349570243636, 24.090064803840942], [121.15104629160427, 24.092855050229637], [121.14104379001695, 24.08420709719667]]]}, "properties": {"hex": "874ba2a45ffffff", "count": 26}}, {"type": "Feature", "geometry": {"type": "Polygon", "coordinates": [[[121.46880501272658, 23.715025556214353], [121.47125073955108, 23.70350676341306], [121.48373078004683, 23.700648360658874], [121.49376642050575, 23.709309982978667], [121.49132055137669, 23.72082954947208], [121.47883918390563, 23.723686720121357], [121.46880501272658, 23.715025556214353]]]}, "properties": {"hex": "874ba3518ffffff", "count": 26}}, {"type": "Feature", "geometry": {"type": "Polygon", "coordinates": [[[121.76862023941912, 25.094059557887697], [121.77107313953539, 25.082732379826517], [121.7836177102466, 25.07997866098614], [121.79371070269238, 25.08855330432273], [121.79125766984427, 25.099881181620855], [121.77871177709109, 25.102633716521314], [121.76862023941912, 25.094059557887697]]]}, "properties": {"hex": "874ba1d54ffffff", "count": 25}}, {"type": "Feature", "geometry": {"type": "Polygon", "coordinates": [[[121.49916480098975, 23.795712999139287], [121.5016110155604, 23.7842041530278], [121.51409636283786, 23.78135067367549], [121.52413682158482, 23.79000726935962], [121.5216904656991, 23.801516884223833], [121.50920379219353, 23.804369134819588], [121.49916480098975, 23.795712999139287]]]}, "properties": {"hex": "874ba352bffffff", "count": 25}}, {"type": "Feature", "geometry": {"type": "Polygon", "coordinates": [[[121.13436588252964, 24.28147111901725], [121.13681206665774, 24.270063172922335], [121.14926343297256, 24.26729158746246], [121.15926995642636, 24.275929184688827], [121.15682361844546, 24.28733789170873], [121.14437091067794, 24.2901082407458], [121.13436588252964, 24.28147111901725]]]}, "properties": {"hex": "874ba078affffff", "count": 25}}, {"type": "Feature", "geometry": {"type": "Polygon", "coordinates": [[[121.15103237733013, 24.700354656333108], [121.15348038110331, 24.689010430249947], [121.1659425553242, 24.68627823703474], [121.1759580683403, 24.69489149533649], [121.17350991105809, 24.70623646228504], [121.16104639408266, 24.708967430237035], [121.15103237733013, 24.700354656333108]]]}, "properties": {"hex": "874ba000dffffff", "count": 24}}, {"type": "Feature", "geometry": {"type": "Polygon", "coordinates": [[[120.78355064766073, 22.086436307704158], [120.78598584374477, 22.074731740756118], [120.79834895578487, 22.071779287884375], [120.8082782153711, 22.080532702187675], [120.80584285491751, 22.0922381475432], [120.79347839906642, 22.095189300341765], [120.78355064766073, 22.086436307704158]]]}, "properties": {"hex": "874b86c62ffffff", "count": 24}}, {"type": "Feature", "geometry": {"type": "Polygon", "coordinates": [[[121.5216904656991, 23.801516884223833], [121.52413682158482, 23.79000726935962], [121.53662498125446, 23.78715221845378], [121.54666811028362, 23.795808010034975], [121.54422161384313, 23.807318392465202], [121.53173212874013, 23.81017221591678], [121.5216904656991, 23.801516884223833]]]}, "properties": {"hex": "874ba3576ffffff", "count": 24}}, {"type": "Feature", "geometry": {"type": "Polygon", "coordinates": [[[121.74239031644308, 24.384682431709344], [121.74484016466982, 24.373245953160005], [121.75736668455578, 24.37042615416859], [121.76744467589495, 24.3790440366306], [121.76499469435589, 24.390481247319382], [121.75246685459966, 24.393299843579385], [121.74239031644308, 24.384682431709344]]]}, "properties": {"hex": "874ba3874ffffff", "count": 24}}, {"type": "Feature", "geometry": {"type": "Polygon", "coordinates": [[[120.79798369033986, 24.138936746988296], [120.80042725361156, 24.127532065204246], [120.81283418067703, 24.12477857431742], [120.82279889675532, 24.133431022354273], [120.82035516847559, 24.14483648477919], [120.80794688894278, 24.14758871869213], [120.79798369033986, 24.138936746988296]]]}, "properties": {"hex": "874ba2b34ffffff", "count": 23}}, {"type": "Feature", "geometry": {"type": "Polygon", "coordinates": [[[121.55699591193324, 24.913821390376278], [121.55944701203829, 24.902480956745578], [121.57196267599613, 24.899730324769948], [121.58202856874487, 24.90832132588521], [121.5795773287626, 24.919662475037043], [121.5670603357193, 24.922411907726374], [121.55699591193324, 24.913821390376278]]]}, "properties": {"hex": "874ba1d94ffffff", "count": 23}}, {"type": "Feature", "geometry": {"type": "Polygon", "coordinates": [[[121.51741283346766, 24.489410034224612], [121.51986197876515, 24.478006080106972], [121.5323639812342, 24.47521803234779], [121.54241816685469, 24.483835150695814], [121.53996888053435, 24.495239841156035], [121.52746554942765, 24.498026677097478], [121.51741283346766, 24.489410034224612]]]}, "properties": {"hex": "874ba3924ffffff", "count": 23}}, {"type": "Feature", "geometry": {"type": "Polygon", "coordinates": [[[120.67711273213382, 23.59949714776652], [120.67955332071985, 23.588020019192175], [120.6919339958347, 23.585224928748836], [120.70187543630183, 23.593908242675596], [120.6994346790049, 23.60538618215865], [120.68705264977037, 23.608179996968307], [120.67711273213382, 23.59949714776652]]]}, "properties": {"hex": "874ba20aeffffff", "count": 23}}, {"type": "Feature", "geometry": {"type": "Polygon", "coordinates": [[[121.40838227633704, 23.60827591093346], [121.41082724747714, 23.59674551321577], [121.42329782795562, 23.593882495814427], [121.4333247657967, 23.602551113867175], [121.43087965036116, 23.614082292659262], [121.41840774119294, 23.616944072491048], [121.40838227633704, 23.60827591093346]]]}, "properties": {"hex": "874ba3583ffffff", "count": 23}}, {"type": "Feature", "geometry": {"type": "Polygon", "coordinates": [[[120.76680479080544, 23.732164788703688], [120.76924649590467, 23.720700774023438], [120.78164111019159, 23.717910271574244], [120.79159537088643, 23.72658505201541], [120.78915349996949, 23.73804986777879], [120.77675753399316, 23.740839102181276], [120.76680479080544, 23.732164788703688]]]}, "properties": {"hex": "874ba202bffffff", "count": 23}}, {"type": "Feature", "geometry": {"type": "Polygon", "coordinates": [[[121.41107852696297, 24.208750624934225], [121.41352595869758, 24.19731111775854], [121.4260093405739, 24.194506013337158], [121.43604662177978, 24.203141640213577], [121.43359904555247, 24.214581900769335], [121.42111433242435, 24.217385781238463], [121.41107852696297, 24.208750624934225]]]}, "properties": {"hex": "874ba3d64ffffff", "count": 22}}, {"type": "Feature", "geometry": {"type": "Polygon", "coordinates": [[[121.4546284492368, 23.893393107216266], [121.45707482622888, 23.8819023010872], [121.469556868952, 23.87906248444986], [121.47959386277184, 23.887714703020617], [121.47714734291124, 23.899206275241067], [121.46466397191163, 23.90204486296798], [121.4546284492368, 23.893393107216266]]]}, "properties": {"hex": "874ba3cf3ffffff", "count": 22}}, {"type": "Feature", "geometry": {"type": "Polygon", "coordinates": [[[121.12856042618786, 24.69447040914077], [121.13100827569963, 24.683126925052026], [121.14346758148969, 24.680396322247468], [121.15348038110331, 24.689010430249947], [121.15103237733013, 24.700354656333108], [121.13857172801876, 24.703084032589807], [121.12856042618786, 24.69447040914077]]]}, "properties": {"hex": "874ba000cffffff", "count": 22}}, {"type": "Feature", "geometry": {"type": "Polygon", "coordinates": [[[120.99436712225815, 22.8235919927392], [120.99680656622618, 22.811976650223922], [121.00921069435866, 22.809076299663932], [121.01917671818936, 22.817792567146643], [121.01673711644418, 22.829408744375122], [121.00433164846228, 22.832307819567482], [120.99436712225815, 22.8235919927392]]]}, "properties": {"hex": "874b84c98ffffff", "count": 22}}, {"type": "Feature", "geometry": {"type": "Polygon", "coordinates": [[[121.61004679974015, 24.999351166342322], [121.61249852449465, 24.988020400321464], [121.62502231584068, 24.985272930979626], [121.63509570975768, 24.993857422247014], [121.63264384689359, 25.00518889787694], [121.62011872803215, 25.007935172804984], [121.61004679974015, 24.999351166342322]]]}, "properties": {"hex": "874ba1da1ffffff", "count": 22}}, {"type": "Feature", "geometry": {"type": "Polygon", "coordinates": [[[121.59297100175225, 24.581114802656423], [121.59542091318336, 24.5697196161753], [121.60793385286952, 24.566933192187918], [121.61799820721073, 24.575543160576995], [121.6155481572828, 24.586939076256687], [121.60303389132112, 24.589724294521407], [121.59297100175225, 24.581114802656423]]]}, "properties": {"hex": "874ba02c4ffffff", "count": 21}}, {"type": "Feature", "geometry": {"type": "Polygon", "coordinates": [[[120.64677886078823, 23.409497100274105], [120.6492184806218, 23.397993962841863], [120.66159144575875, 23.395183057923298], [120.6715261451627, 23.403876571983346], [120.66908635572398, 23.415380530568278], [120.65671203630545, 23.418190154101264], [120.64677886078823, 23.409497100274105]]]}, "properties": {"hex": "874ba244effffff", "count": 21}}, {"type": "Feature", "geometry": {"type": "Polygon", "coordinates": [[[121.4710618292206, 24.206161468725437], [121.47350956992969, 24.194717176778656], [121.48600009714403, 24.191906091886597], [121.49604421252737, 24.200540520032263], [121.49359632935747, 24.211985563087115], [121.48110447307697, 24.21479542705844], [121.4710618292206, 24.206161468725437]]]}, "properties": {"hex": "874ba3d6cffffff", "count": 21}}, {"type": "Feature", "geometry": {"type": "Polygon", "coordinates": [[[121.52655396711971, 24.834068174437334], [121.52900458022373, 24.822717392895832], [121.5415149259414, 24.819961954860894], [121.55157598821019, 24.828558501391065], [121.5491252342308, 24.8399100032461], [121.53661355866888, 24.842664238430807], [121.52655396711971, 24.834068174437334]]]}, "properties": {"hex": "874ba0362ffffff", "count": 20}}, {"type": "Feature", "geometry": {"type": "Polygon", "coordinates": [[[121.38389260915277, 24.83299206620699], [121.38634246189442, 24.821651511998834], [121.39883566753429, 24.818909786013844], [121.40888035527419, 24.82750982452769], [121.4064303568158, 24.83885110459384], [121.39393581614623, 24.8415916204607], [121.38389260915277, 24.83299206620699]]]}, "properties": {"hex": "874ba0325ffffff", "count": 20}}, {"type": "Feature", "geometry": {"type": "Polygon", "coordinates": [[[121.60766995391808, 24.512714410446375], [121.61011965872324, 24.501307517889455], [121.62263291007856, 24.498513048405727], [121.63269778186914, 24.507126678275647], [121.63024793909925, 24.518534302552332], [121.6177333623141, 24.521327565411777], [121.60766995391808, 24.512714410446375]]]}, "properties": {"hex": "874ba02deffffff", "count": 20}}, {"type": "Feature", "geometry": {"type": "Polygon", "coordinates": [[[121.6108399602016, 25.160893461230906], [121.61329235901114, 25.149588270893645], [121.62581966762392, 25.146856436783324], [121.63589590544878, 25.1554309833851], [121.63344336848138, 25.16673687601354], [121.62091473165691, 25.169467519924275], [121.6108399602016, 25.160893461230906]]]}, "properties": {"hex": "874ba568affffff", "count": 20}}, {"type": "Feature", "geometry": {"type": "Polygon", "coordinates": [[[121.60661484509983, 24.295471771650988], [121.60906365321492, 24.284031344537215], [121.62157222580755, 24.28121594453714], [121.6316333146004, 24.28984218366076], [121.62918436858492, 24.301283352393334], [121.61667447148778, 24.30409754055497], [121.60661484509983, 24.295471771650988]]]}, "properties": {"hex": "874ba3814ffffff", "count": 20}}, {"type": "Feature", "geometry": {"type": "Polygon", "coordinates": [[[121.60269141836538, 25.03333164273908], [121.60514324666723, 25.022006787985013], [121.61766688227722, 25.01926333831381], [121.62774001733484, 25.027845937486443], [121.6252880506567, 25.039171500598226], [121.61276308710733, 25.04191375635435], [121.60269141836538, 25.03333164273908]]]}, "properties": {"hex": "874ba1d16ffffff", "count": 19}}, {"type": "Feature", "geometry": {"type": "Polygon", "coordinates": [[[120.65462169611287, 23.53900286678473], [120.65706189239961, 23.527518406945767], [120.66943850419071, 23.524719484596094], [120.67937627411573, 23.533406300382318], [120.67693590840963, 23.544891574895356], [120.66455794201671, 23.54768921910971], [120.65462169611287, 23.53900286678473]]]}, "properties": {"hex": "874ba2082ffffff", "count": 19}}, {"type": "Feature", "geometry": {"type": "Polygon", "coordinates": [[[121.3905110158688, 24.63684728736971], [121.39296009483616, 24.62547553573046], [121.40544996893277, 24.62271404451809], [121.41549209778273, 24.631325519815473], [121.41304287341883, 24.642698006029043], [121.40055166541363, 24.64545828254266], [121.3905110158688, 24.63684728736971]]]}, "properties": {"hex": "874ba038cffffff", "count": 19}}, {"type": "Feature", "geometry": {"type": "Polygon", "coordinates": [[[121.34969291382457, 23.884431884400332], [121.35213868862036, 23.872947419709906], [121.3646079255644, 23.87011668385584], [121.37463271954755, 23.878771647417746], [121.37218679834291, 23.89025688285658], [121.3597162293771, 23.893086384153], [121.34969291382457, 23.884431884400332]]]}, "properties": {"hex": "874ba3c85ffffff", "count": 19}}, {"type": "Feature", "geometry": {"type": "Polygon", "coordinates": [[[121.6852106833695, 24.982852108017077], [121.68766271572547, 24.971513305471106], [121.70019507765782, 24.968756923236988], [121.71027673170089, 24.977340534742545], [121.70782456380913, 24.98868004474024], [121.69529087721965, 24.991435235955596], [121.6852106833695, 24.982852108017077]]]}, "properties": {"hex": "874ba1c36ffffff", "count": 19}}, {"type": "Feature", "geometry": {"type": "Polygon", "coordinates": [[[121.65991247626069, 24.435835882098747], [121.66236212802897, 24.424413278747306], [121.67487996812568, 24.421606343458045], [121.68494947942388, 24.430223217470004], [121.6824996915059, 24.441646553949003], [121.66998052824964, 24.44445228346091], [121.65991247626069, 24.435835882098747]]]}, "properties": {"hex": "874ba3954ffffff", "count": 19}}, {"type": "Feature", "geometry": {"type": "Polygon", "coordinates": [[[121.5582930467676, 25.183098413395477], [121.56074527003712, 25.17180055901376], [121.57326679016015, 25.169076016297566], [121.58333741707256, 25.177650520408317], [121.58088505384272, 25.1889490780789], [121.56836220347108, 25.191672428524896], [121.5582930467676, 25.183098413395477]]]}, "properties": {"hex": "874ba5680ffffff", "count": 19}}, {"type": "Feature", "geometry": {"type": "Polygon", "coordinates": [[[121.65470936561572, 24.90313473498775], [121.65716091659246, 24.891785545382042], [121.66968797795634, 24.889024390140634], [121.67976481358593, 24.897613619269347], [121.6773131260681, 24.908963521099032], [121.66478473927161, 24.911723481750453], [121.65470936561572, 24.90313473498775]]]}, "properties": {"hex": "874ba1d99ffffff", "count": 18}}, {"type": "Feature", "geometry": {"type": "Polygon", "coordinates": [[[121.27886744769519, 24.82359782784776], [121.28131668514978, 24.812263493408963], [121.29379700162019, 24.809531015040303], [121.30382941921378, 24.818134086955126], [121.30138003249525, 24.829469151700668], [121.2888983772599, 24.83220041439653], [121.27886744769519, 24.82359782784776]]]}, "properties": {"hex": "874ba0a91ffffff", "count": 18}}, {"type": "Feature", "geometry": {"type": "Polygon", "coordinates": [[[121.09788544868462, 24.506479551652482], [121.10033234469296, 24.495109069835536], [121.11278395496265, 24.492362996306344], [121.12279001278918, 24.500988637564593], [121.12034296158717, 24.51235987126927], [121.10789000756682, 24.515104711997335], [121.09788544868462, 24.506479551652482]]]}, "properties": {"hex": "874ba0724ffffff", "count": 18}}, {"type": "Feature", "geometry": {"type": "Polygon", "coordinates": [[[121.49055004934853, 25.165531037073908], [121.49300184813985, 25.154235299288157], [121.50551489751668, 25.151515654729756], [121.51557748056602, 25.160092944276148], [121.51312553951647, 25.17138938871483], [121.50061115748665, 25.174107837128766], [121.49055004934853, 25.165531037073908]]]}, "properties": {"hex": "874ba56b2ffffff", "count": 18}}, {"type": "Feature", "geometry": {"type": "Polygon", "coordinates": [[[121.54332081184245, 25.197114665506984], [121.54577301628956, 25.185820128302375], [121.5582930467676, 25.183098413395477], [121.56836220347108, 25.191672428524896], [121.56590985854687, 25.202967668952997], [121.55338849720674, 25.205688191203187], [121.54332081184245, 25.197114665506984]]]}, "properties": {"hex": "874ba5684ffffff", "count": 18}}, {"type": "Feature", "geometry": {"type": "Polygon", "coordinates": [[[121.11859745083886, 24.07834703257138], [121.12104271176162, 24.06690913338165], [121.1334879184954, 24.06411920950536], [121.14348920521682, 24.07276842702234], [121.14104379001695, 24.08420709719667], [121.12859724218751, 24.086995779036844], [121.11859745083886, 24.07834703257138]]]}, "properties": {"hex": "874ba2a44ffffff", "count": 17}}, {"type": "Feature", "geometry": {"type": "Polygon", "coordinates": [[[120.67675911713994, 23.490250645285983], [120.67919926000683, 23.47875723757097], [120.69157764130831, 23.47595145323397], [120.70151723320132, 23.48464035484853], [120.69907692167313, 23.49613457868236], [120.68669718673196, 23.498939084944286], [120.67675911713994, 23.490250645285983]]]}, "properties": {"hex": "874ba209affffff", "count": 17}}, {"type": "Feature", "geometry": {"type": "Polygon", "coordinates": [[[121.56486916684509, 24.98766805748631], [121.56732061307859, 24.97633871408221], [121.57983877715026, 24.973594501522438], [121.58990682392646, 24.98218082954435], [121.587455238049, 24.99351088482304], [121.57493574484977, 24.9962539003795], [121.56486916684509, 24.98766805748631]]]}, "properties": {"hex": "874ba1da6ffffff", "count": 17}}, {"type": "Feature", "geometry": {"type": "Polygon", "coordinates": [[[121.55067732229115, 25.163225123774936], [121.55312942382915, 25.15192465729635], [121.56564961351312, 25.14919892140533], [121.5757190319085, 25.157774845342622], [121.57326679016015, 25.169076016297566], [121.56074527003712, 25.17180055901376], [121.55067732229115, 25.163225123774936]]]}, "properties": {"hex": "874ba5682ffffff", "count": 17}}, {"type": "Feature", "geometry": {"type": "Polygon", "coordinates": [[[120.69157764130831, 23.47595145323397], [120.69401782242134, 23.46445479250675], [120.7063977637728, 23.461646217021386], [120.71633887690712, 23.470335580051554], [120.71389852763005, 23.481833056990002], [120.70151723320132, 23.48464035484853], [120.69157764130831, 23.47595145323397]]]}, "properties": {"hex": "874ba2734ffffff", "count": 17}}, {"type": "Feature", "geometry": {"type": "Polygon", "coordinates": [[[121.729892817284, 24.886553574984184], [121.73234467066447, 24.875196351656705], [121.7448802796922, 24.872426290162625], [121.75496535771207, 24.881014643347513], [121.75251337036717, 24.892372576720245], [121.73997643877611, 24.895141447037616], [121.729892817284, 24.886553574984184]]]}, "properties": {"hex": "874ba1caeffffff", "count": 17}}, {"type": "Feature", "geometry": {"type": "Polygon", "coordinates": [[[120.76791660424628, 24.05868275352242], [120.7703596485558, 24.04726808829557], [120.78276116410221, 24.044509560905723], [120.7927209882833, 24.05316695932281], [120.7902777780122, 24.06458241014158], [120.77787490933903, 24.067339677116458], [120.76791660424628, 24.05868275352242]]]}, "properties": {"hex": "874ba284affffff", "count": 16}}, {"type": "Feature", "geometry": {"type": "Polygon", "coordinates": [[[121.10544298509679, 24.526472651128373], [121.10789000756682, 24.515104711997335], [121.12034296158717, 24.51235987126927], [121.13035023652725, 24.520984201764577], [121.12790305910677, 24.53235289156457], [121.11544876151106, 24.535096500369804], [121.10544298509679, 24.526472651128373]]]}, "properties": {"hex": "874ba008bffffff", "count": 16}}, {"type": "Feature", "geometry": {"type": "Polygon", "coordinates": [[[121.41279717157052, 24.588583041828088], [121.41524617171245, 24.57720213725207], [121.42773771359474, 24.5744337976799], [121.43778158803305, 24.583047577608635], [121.43533244327273, 24.594429218100576], [121.42283956850444, 24.5971963429195], [121.41279717157052, 24.588583041828088]]]}, "properties": {"hex": "874ba02a4ffffff", "count": 16}}, {"type": "Feature", "geometry": {"type": "Polygon", "coordinates": [[[121.54177276671902, 24.873952728797065], [121.54422362347697, 24.86260711739248], [121.55673662869384, 24.85985408416832], [121.56680010642889, 24.868447863592362], [121.56434910929438, 24.879794192912616], [121.55183477461213, 24.88254602506682], [121.54177276671902, 24.873952728797065]]]}, "properties": {"hex": "874ba0365ffffff", "count": 16}}, {"type": "Feature", "geometry": {"type": "Polygon", "coordinates": [[[121.46121777365416, 23.694844349789136], [121.46366337835238, 23.68332307556789], [121.47614209168668, 23.68046343987411], [121.48617652729665, 23.689126311508794], [121.48373078004683, 23.700648360658874], [121.47125073955108, 23.70350676341306], [121.46121777365416, 23.694844349789136]]]}, "properties": {"hex": "874ba351affffff", "count": 16}}, {"type": "Feature", "geometry": {"type": "Polygon", "coordinates": [[[120.82871197099824, 22.26460765048518], [120.83114816107334, 22.25292475512371], [120.84352047876207, 22.249985444187534], [120.8534579492583, 22.25873032331476], [120.8510215962088, 22.27041408672254], [120.83864793545602, 22.273352103112032], [120.82871197099824, 22.26460765048518]]]}, "properties": {"hex": "874b868a4ffffff", "count": 16}}, {"type": "Feature", "geometry": {"type": "Polygon", "coordinates": [[[121.5520777047413, 23.882144104967033], [121.55452454616493, 23.870644475177514], [121.56701800643799, 23.8677943290477], [121.5770659497782, 23.87644503696696], [121.57461896879249, 23.887945429397494], [121.56212418384028, 23.89079435143688], [121.5520777047413, 23.882144104967033]]]}, "properties": {"hex": "874ba3ccaffffff", "count": 16}}, {"type": "Feature", "geometry": {"type": "Polygon", "coordinates": [[[121.52194601479066, 23.85618918863544], [121.52439259437259, 23.844687824509357], [121.53688191977179, 23.841838028907425], [121.54692599106585, 23.850490823835756], [121.54447927091229, 23.861992953017875], [121.5319886198481, 23.864841522384474], [121.52194601479066, 23.85618918863544]]]}, "properties": {"hex": "874ba3cd8ffffff", "count": 15}}, {"type": "Feature", "geometry": {"type": "Polygon", "coordinates": [[[121.01211811488596, 23.578275363957104], [121.01456071029673, 23.56676983706657], [121.0269825047892, 23.56394119452687], [121.03696304626666, 23.572619337877878], [121.03452029327718, 23.584125663342782], [121.02209715620494, 23.58695304704643], [121.01211811488596, 23.578275363957104]]]}, "properties": {"hex": "874ba239bffffff", "count": 15}}, {"type": "Feature", "geometry": {"type": "Polygon", "coordinates": [[[121.41402613428866, 24.858788472135565], [121.41647625595009, 24.847449772803287], [121.42897363292757, 24.844707644875896], [121.43902222211051, 24.853305424389692], [121.43657195574086, 24.86464484724554], [121.42407324470821, 24.867385767236858], [121.41402613428866, 24.858788472135565]]]}, "properties": {"hex": "874ba0ad0ffffff", "count": 15}}, {"type": "Feature", "geometry": {"type": "Polygon", "coordinates": [[[121.57461896879249, 23.887945429397494], [121.5770659497782, 23.87644503696696], [121.5895622163887, 23.87359331260784], [121.5996128257045, 23.88224320363574], [121.59716570591895, 23.893744357522316], [121.58466811542885, 23.896594859094286], [121.57461896879249, 23.887945429397494]]]}, "properties": {"hex": "874ba3ccbffffff", "count": 15}}, {"type": "Feature", "geometry": {"type": "Polygon", "coordinates": [[[121.39322478536977, 23.567872628379234], [121.39566951093255, 23.556337293570266], [121.40813743347944, 23.55347179854147], [121.41816195933433, 23.56214287771629], [121.415717088984, 23.57367899608228], [121.40324783737938, 23.57654325188296], [121.39322478536977, 23.567872628379234]]]}, "properties": {"hex": "874ba359effffff", "count": 15}}, {"type": "Feature", "geometry": {"type": "Polygon", "coordinates": [[[121.48193242507912, 24.930286018888257], [121.48438320305931, 24.918953634493455], [121.49689024092812, 24.916211891270407], [121.50694783253526, 24.924803735289313], [121.50449691211699, 24.936136837345607], [121.49198854234078, 24.93887737789503], [121.48193242507912, 24.930286018888257]]]}, "properties": {"hex": "874ba0aeaffffff", "count": 14}}, {"type": "Feature", "geometry": {"type": "Polygon", "coordinates": [[[121.55041852147173, 25.109432650789472], [121.55287039831396, 25.09812365114992], [121.56538941656044, 25.095392699710736], [121.57545788798132, 25.103971942677184], [121.57300587094541, 25.115281649235474], [121.5604855224927, 25.118011406083266], [121.55041852147173, 25.109432650789472]]]}, "properties": {"hex": "874ba0a6dffffff", "count": 14}}, {"type": "Feature", "geometry": {"type": "Polygon", "coordinates": [[[121.56097341188979, 24.17500880070858], [121.56342149387672, 24.163553174348646], [121.57592211543881, 24.160730485241523], [121.5859759804723, 24.169364639663552], [121.58352775908924, 24.18082101495144], [121.57102581188009, 24.183642487059974], [121.56097341188979, 24.17500880070858]]]}, "properties": {"hex": "874ba38b3ffffff", "count": 14}}, {"type": "Feature", "geometry": {"type": "Polygon", "coordinates": [[[121.19644406610814, 24.82002269820367], [121.19889282453472, 24.80869386686918], [121.21136305261969, 24.805969011908772], [121.22138586377906, 24.81457420838152], [121.21893695331033, 24.82590377332494], [121.20646538353783, 24.828627408358056], [121.19644406610814, 24.82002269820367]]]}, "properties": {"hex": "874ba0148ffffff", "count": 14}}, {"type": "Feature", "geometry": {"type": "Polygon", "coordinates": [[[121.64708674827504, 24.883195400894305], [121.64953817871356, 24.871843619277932], [121.66206391445164, 24.869081268555856], [121.67213954518694, 24.87767189510513], [121.66968797795634, 24.889024390140634], [121.65716091659246, 24.891785545382042], [121.64708674827504, 24.883195400894305]]]}, "properties": {"hex": "874ba1d9bffffff", "count": 14}}, {"type": "Feature", "geometry": {"type": "Polygon", "coordinates": [[[121.38097890037656, 24.182840896654962], [121.38342606364655, 24.17139962079004], [121.39590528280077, 24.168594873801972], [121.4059386707204, 24.17723262895648], [121.40349136195269, 24.188674660587967], [121.39101081057564, 24.19147818146792], [121.38097890037656, 24.182840896654962]]]}, "properties": {"hex": "874ba06dbffffff", "count": 14}}, {"type": "Feature", "geometry": {"type": "Polygon", "coordinates": [[[121.5572552430641, 24.96775147165792], [121.55970656771996, 24.956419532017808], [121.57222340247365, 24.953674121559093], [121.58229024169998, 24.96226184881356], [121.57983877715026, 24.973594501522438], [121.56732061307859, 24.97633871408221], [121.5572552430641, 24.96775147165792]]]}, "properties": {"hex": "874ba1db5ffffff", "count": 14}}, {"type": "Feature", "geometry": {"type": "Polygon", "coordinates": [[[120.81283418067703, 24.12477857431742], [120.81527777956316, 24.113370611747353], [120.82768625921744, 24.110614316312436], [120.83765249169937, 24.119267240170842], [120.83520872830631, 24.130675983476866], [120.82279889675532, 24.133431022354273], [120.81283418067703, 24.12477857431742]]]}, "properties": {"hex": "874ba2b30ffffff", "count": 14}}, {"type": "Feature", "geometry": {"type": "Polygon", "coordinates": [[[121.07677384556447, 22.93683380750945], [121.07921423560846, 22.925228749097286], [121.09163078595601, 22.9223317496286], [121.10160828356382, 22.93104107754242], [121.09916773842919, 22.94264696191912], [121.08674985059345, 22.945542692578446], [121.07677384556447, 22.93683380750945]]]}, "properties": {"hex": "874b84cf5ffffff", "count": 14}}, {"type": "Feature", "geometry": {"type": "Polygon", "coordinates": [[[121.57435848361929, 23.833279888716962], [121.57680524085616, 23.821771235513737], [121.58930034055201, 23.818914261958806], [121.59935000647097, 23.827567165784163], [121.59690311045057, 23.83907658294667], [121.58440668710624, 23.841932332493602], [121.57435848361929, 23.833279888716962]]]}, "properties": {"hex": "874ba3562ffffff", "count": 13}}, {"type": "Feature", "geometry": {"type": "Polygon", "coordinates": [[[121.66233306783396, 24.92307007744044], [121.66478473927161, 24.911723481750453], [121.6773131260681, 24.908963521099032], [121.6873911664758, 24.91755135001058], [121.6849393587482, 24.928898656730205], [121.6724096467126, 24.93165742368321], [121.66233306783396, 24.92307007744044]]]}, "properties": {"hex": "874ba1d8affffff", "count": 13}}, {"type": "Feature", "geometry": {"type": "Polygon", "coordinates": [[[120.95105792603836, 23.197280118801334], [120.95349861110849, 23.18572262298407], [120.96590505120523, 23.18286258186627], [120.9758721490456, 23.191561306855135], [120.97343130456268, 23.20311962160966], [120.96102352146899, 23.20597839259969], [120.95105792603836, 23.197280118801334]]]}, "properties": {"hex": "874ba26d3ffffff", "count": 13}}, {"type": "Feature", "geometry": {"type": "Polygon", "coordinates": [[[121.29902854558567, 24.288242686386667], [121.30147569121958, 24.276823623103166], [121.31394721773616, 24.274036957324586], [121.32397293406827, 24.282670582834346], [121.32152564011824, 24.29409040027775], [121.30905277796536, 24.296875838221055], [121.29902854558567, 24.288242686386667]]]}, "properties": {"hex": "874ba06e6ffffff", "count": 13}}, {"type": "Feature", "geometry": {"type": "Polygon", "coordinates": [[[121.84305004121157, 24.91562297084163], [121.84550255669359, 24.90426220873409], [121.85805209876827, 24.90148397037854], [121.86815044361981, 24.910067678978262], [121.8656977980371, 24.921429145404865], [121.85314693751201, 24.92420619908826], [121.84305004121157, 24.91562297084163]]]}, "properties": {"hex": "874ba1ce2ffffff", "count": 13}}, {"type": "Feature", "geometry": {"type": "Polygon", "coordinates": [[[120.86699732460497, 22.588110455958578], [120.86943504507776, 22.576470745482684], [120.88181866424603, 22.57355928465897], [120.89176590594397, 22.58228882105985], [120.88932802359096, 22.593929382671977], [120.87694306123821, 22.596839556904488], [120.86699732460497, 22.588110455958578]]]}, "properties": {"hex": "874bb12c0ffffff", "count": 13}}, {"type": "Feature", "geometry": {"type": "Polygon", "coordinates": [[[121.0087351685035, 24.645053793068893], [121.01118210795306, 24.633711484115814], [121.0236256823246, 24.6309875766516], [121.03362366456057, 24.639607212157525], [121.03117656685619, 24.65095026995651], [121.0187316449857, 24.653672943573127], [121.0087351685035, 24.645053793068893]]]}, "properties": {"hex": "874ba0189ffffff", "count": 13}}, {"type": "Feature", "geometry": {"type": "Polygon", "coordinates": [[[120.93269863752276, 24.28279027059092], [120.93514362690902, 24.27139753857878], [120.94757025012774, 24.268645344850167], [120.95755323227179, 24.277287129965202], [120.95510808228339, 24.28868063066033], [120.94268011056907, 24.29143157772473], [120.93269863752276, 24.28279027059092]]]}, "properties": {"hex": "874ba04c5ffffff", "count": 13}}, {"type": "Feature", "geometry": {"type": "Polygon", "coordinates": [[[121.43359904555247, 24.214581900769335], [121.43604662177978, 24.203141640213577], [121.44853283130975, 24.20033495076267], [121.45857279488756, 24.208969744693217], [121.45612507492679, 24.220410757465412], [121.44363753493391, 24.223216224260653], [121.43359904555247, 24.214581900769335]]]}, "properties": {"hex": "874ba3d65ffffff", "count": 13}}, {"type": "Feature", "geometry": {"type": "Polygon", "coordinates": [[[120.98485897823011, 24.260380024248835], [120.98730419208289, 24.24897995235244], [120.99973678139814, 24.246220580712556], [121.00972550326355, 24.254862525689457], [121.00728013056217, 24.266263365303153], [120.99484619465954, 24.26902149239016], [120.98485897823011, 24.260380024248835]]]}, "properties": {"hex": "874ba04c8ffffff", "count": 13}}, {"type": "Feature", "geometry": {"type": "Polygon", "coordinates": [[[121.43706808109717, 24.972471610818975], [121.43951879639756, 24.961149153361774], [121.45202134335676, 24.95841587945993], [121.462074508558, 24.96700626705097], [121.45962364927564, 24.978329441967283], [121.44711976858542, 24.981061512006885], [121.43706808109717, 24.972471610818975]]]}, "properties": {"hex": "874ba0ae5ffffff", "count": 13}}, {"type": "Feature", "geometry": {"type": "Polygon", "coordinates": [[[121.6255538345799, 25.093032687940063], [121.62800602594011, 25.08171564808353], [121.64053364479219, 25.07897577746237], [121.65061039945674, 25.087554138091], [121.64815807047245, 25.09887188273502], [121.63562912425759, 25.101610562137974], [121.6255538345799, 25.093032687940063]]]}, "properties": {"hex": "874ba1d31ffffff", "count": 13}}, {"type": "Feature", "geometry": {"type": "Polygon", "coordinates": [[[121.0685201661286, 24.642773452753396], [121.0709674512556, 24.631426347188498], [121.08341832119356, 24.62869645974639], [121.09342325121752, 24.63731490892549], [121.09097580984033, 24.64866276116999], [121.07852359450395, 24.651391417725616], [121.0685201661286, 24.642773452753396]]]}, "properties": {"hex": "874ba0011ffffff", "count": 13}}, {"type": "Feature", "geometry": {"type": "Polygon", "coordinates": [[[121.22628358574718, 24.791909201018093], [121.22873239723008, 24.780573759480244], [121.24120566370715, 24.777843266317365], [121.25123145901361, 24.78644943400151], [121.24878249650854, 24.797785609309035], [121.23630788953244, 24.80051488333417], [121.22628358574718, 24.791909201018093]]]}, "properties": {"hex": "874ba0065ffffff", "count": 13}}, {"type": "Feature", "geometry": {"type": "Polygon", "coordinates": [[[120.8367853352852, 22.45126701877748], [120.83922232020147, 22.439610020181807], [120.85159941865031, 22.43668805579687], [120.86154087561157, 22.445424380900622], [120.85910372788828, 22.457082238371218], [120.84672528582914, 22.46000291201962], [120.8367853352852, 22.45126701877748]]]}, "properties": {"hex": "874b86901ffffff", "count": 13}}, {"type": "Feature", "geometry": {"type": "Polygon", "coordinates": [[[121.38589040761346, 23.60246719514307], [121.38833523370201, 23.590937579690515], [121.40080298899022, 23.588076119208683], [121.41082724747714, 23.59674551321577], [121.40838227633704, 23.60827591093346], [121.39591319157468, 23.611136132545592], [121.38589040761346, 23.60246719514307]]]}, "properties": {"hex": "874ba3582ffffff", "count": 13}}, {"type": "Feature", "geometry": {"type": "Polygon", "coordinates": [[[120.91206095998703, 22.710257646817407], [120.91449944830235, 22.69863210656301], [120.9268911240768, 22.69572835355989], [120.9368456535359, 22.704451422862736], [120.93440700476903, 22.716077806602236], [120.92201398681216, 22.718980277712333], [120.91206095998703, 22.710257646817407]]]}, "properties": {"hex": "874bb1242ffffff", "count": 13}}, {"type": "Feature", "geometry": {"type": "Polygon", "coordinates": [[[120.75597951067981, 22.724641763144373], [120.75841707752863, 22.71303009930274], [120.7707896864309, 22.710142108058992], [120.78072607585732, 22.71886707063345], [120.77828834338492, 22.730479583771714], [120.76591438692847, 22.73336628519647], [120.75597951067981, 22.724641763144373]]]}, "properties": {"hex": "874bb1223ffffff", "count": 13}}, {"type": "Feature", "geometry": {"type": "Polygon", "coordinates": [[[121.62263291007856, 24.498513048405727], [121.62508263219253, 24.487102865631236], [121.63759736373524, 24.484305580783246], [121.64766369778957, 24.49291968507947], [121.64521383822694, 24.504330599624918], [121.63269778186914, 24.507126678275647], [121.62263291007856, 24.498513048405727]]]}, "properties": {"hex": "874ba02daffffff", "count": 13}}, {"type": "Feature", "geometry": {"type": "Polygon", "coordinates": [[[121.30946500704059, 23.235461272980817], [121.31190793021122, 23.223882710883768], [121.32435890240447, 23.22099295430855], [121.33436828183781, 23.229683010563626], [121.3319252112195, 23.2412623750294], [121.31947290842956, 23.244150881035583], [121.30946500704059, 23.235461272980817]]]}, "properties": {"hex": "874b848f6ffffff", "count": 13}}, {"type": "Feature", "geometry": {"type": "Polygon", "coordinates": [[[120.78915349996949, 23.73804986777879], [120.79159537088643, 23.72658505201541], [120.80399288956677, 23.723793020703912], [120.81394988810474, 23.73246707208668], [120.8115078521076, 23.743932687775335], [120.79910898247026, 23.746723452319518], [120.78915349996949, 23.73804986777879]]]}, "properties": {"hex": "874ba2076ffffff", "count": 13}}, {"type": "Feature", "geometry": {"type": "Polygon", "coordinates": [[[120.9197744478636, 22.785797005812135], [120.92221328639059, 22.774181797281404], [120.93460745348897, 22.77128466325169], [120.94456412412904, 22.78000401794031], [120.94212512536667, 22.79162006607361], [120.92972961601707, 22.794515920074783], [120.9197744478636, 22.785797005812135]]]}, "properties": {"hex": "874bb1261ffffff", "count": 12}}, {"type": "Feature", "geometry": {"type": "Polygon", "coordinates": [[[120.83697664486854, 22.506610451248886], [120.83941385200292, 22.494961339563343], [120.85179209677433, 22.492044724593075], [120.86173447807724, 22.500778511166878], [120.85929710811271, 22.51242847910159], [120.84691751949374, 22.515343804370136], [120.83697664486854, 22.506610451248886]]]}, "properties": {"hex": "874b8692cffffff", "count": 12}}, {"type": "Feature", "geometry": {"type": "Polygon", "coordinates": [[[121.17548889128899, 23.365404975879894], [121.17793158322674, 23.35385556616899], [121.19036897687442, 23.350990904529674], [121.20036501431876, 23.359676907667243], [121.19792217037318, 23.37122711925508], [121.18548344080602, 23.374090525992457], [121.17548889128899, 23.365404975879894]]]}, "properties": {"hex": "874b849adffffff", "count": 12}}, {"type": "Feature", "geometry": {"type": "Polygon", "coordinates": [[[121.86627440498336, 25.029403598313216], [121.8687275000154, 25.01805916803654], [121.8812821740338, 25.01528967053717], [121.89138507090854, 25.02386578411247], [121.88893184652343, 25.035210912724114], [121.87637585442481, 25.037979229601664], [121.86627440498336, 25.029403598313216]]]}, "properties": {"hex": "874ba1c70ffffff", "count": 12}}, {"type": "Feature", "geometry": {"type": "Polygon", "coordinates": [[[120.8827966408565, 22.849618835170745], [120.88523550735191, 22.838015660468415], [120.89762640582742, 22.835128137009164], [120.90757978142481, 22.843845069134844], [120.90514075343381, 22.85544908196596], [120.89274851115869, 22.858335324701788], [120.8827966408565, 22.849618835170745]]]}, "properties": {"hex": "874bb134dffffff", "count": 12}}, {"type": "Feature", "geometry": {"type": "Polygon", "coordinates": [[[121.57566138996123, 24.106246037011676], [121.57810926635057, 24.094778811875], [121.59061020279452, 24.09194807174167], [121.60066458746483, 24.100585774733258], [121.59821657221019, 24.11205375133751], [121.58571431096176, 24.114883273652982], [121.57566138996123, 24.106246037011676]]]}, "properties": {"hex": "874ba3c6cffffff", "count": 12}}, {"type": "Feature", "geometry": {"type": "Polygon", "coordinates": [[[121.69855949724145, 24.644395901740193], [121.7010101980218, 24.63300294638133], [121.71353699646954, 24.63021246809136], [121.72361441659875, 24.63881614410236], [121.72116358089252, 24.650209821635514], [121.70863545979267, 24.652999101156958], [121.69855949724145, 24.644395901740193]]]}, "properties": {"hex": "874ba025bffffff", "count": 12}}, {"type": "Feature", "geometry": {"type": "Polygon", "coordinates": [[[121.73531634741042, 24.47329643859315], [121.73776652478537, 24.461874197193353], [121.75029406920785, 24.459063633444263], [121.76037275659071, 24.467676512268223], [121.75792244562226, 24.47909948209624], [121.74539358067413, 24.481908844845133], [121.73531634741042, 24.47329643859315]]]}, "properties": {"hex": "874ba3941ffffff", "count": 12}}, {"type": "Feature", "geometry": {"type": "Polygon", "coordinates": [[[121.56727782032128, 23.9224350723943], [121.56972490405585, 23.910940447618028], [121.58222101349799, 23.908092748825744], [121.59227136331742, 23.916740897382006], [121.58982414051793, 23.928236282341356], [121.57732670677537, 23.931082758730792], [121.56727782032128, 23.9224350723943]]]}, "properties": {"hex": "874ba3ccdffffff", "count": 12}}, {"type": "Feature", "geometry": {"type": "Polygon", "coordinates": [[[121.48776772717348, 24.571958973171576], [121.4902170569192, 24.560570008618527], [121.50271724579083, 24.557792831231932], [121.51276943481618, 24.56640582990166], [121.510319963002, 24.577795528201012], [121.49781844404232, 24.580571494256354], [121.48776772717348, 24.571958973171576]]]}, "properties": {"hex": "874ba02a8ffffff", "count": 12}}, {"type": "Feature", "geometry": {"type": "Polygon", "coordinates": [[[121.21136305261969, 24.805969011908772], [121.21381183774429, 24.794636875157686], [121.22628358574718, 24.791909201018093], [121.23630788953244, 24.80051488333417], [121.2338589528756, 24.8118477537751], [121.22138586377906, 24.81457420838152], [121.21136305261969, 24.805969011908772]]]}, "properties": {"hex": "874ba014bffffff", "count": 12}}, {"type": "Feature", "geometry": {"type": "Polygon", "coordinates": [[[120.79216538137123, 22.43963030243205], [120.79460203847135, 22.427975025231063], [120.8069733618091, 22.4250560107514], [120.81690937293747, 22.433793566937798], [120.81447255156247, 22.445449705443323], [120.8020998831527, 22.448367426614002], [120.79216538137123, 22.43963030243205]]]}, "properties": {"hex": "874b86906ffffff", "count": 12}}, {"type": "Feature", "geometry": {"type": "Polygon", "coordinates": [[[120.9268911240768, 22.69572835355989], [120.92932964528913, 22.684099601166487], [120.94172285609507, 22.681193074367833], [120.95167888711593, 22.689916581510918], [120.94924020595164, 22.70154617745387], [120.9368456535359, 22.704451422862736], [120.9268911240768, 22.69572835355989]]]}, "properties": {"hex": "874bb125cffffff", "count": 12}}, {"type": "Feature", "geometry": {"type": "Polygon", "coordinates": [[[120.7541784294499, 24.397990557539774], [120.75662277780971, 24.38662896763624], [120.76902964442581, 24.383905167976394], [120.7789935176348, 24.392544211263356], [120.77654900266835, 24.403906571253795], [120.76414078091689, 24.40662911803712], [120.7541784294499, 24.397990557539774]]]}, "properties": {"hex": "874ba051bffffff", "count": 11}}, {"type": "Feature", "geometry": {"type": "Polygon", "coordinates": [[[121.61581282674766, 24.641109358303957], [121.61826310101044, 24.62972187178318], [121.63078001894938, 24.626939062331672], [121.64084798813705, 24.635544942662822], [121.63839757612752, 24.646933154765282], [121.6258793324874, 24.649714761127978], [121.61581282674766, 24.641109358303957]]]}, "properties": {"hex": "874ba0252ffffff", "count": 11}}, {"type": "Feature", "geometry": {"type": "Polygon", "coordinates": [[[121.03599141956738, 23.96614266340326], [121.03843573588806, 23.954693824348944], [121.05086849106499, 23.951900786631978], [121.06085827322073, 23.960557837017003], [121.0584137999157, 23.972007455544695], [121.04597970125474, 23.974799244380304], [121.03599141956738, 23.96614266340326]]]}, "properties": {"hex": "874ba2ae6ffffff", "count": 11}}, {"type": "Feature", "geometry": {"type": "Polygon", "coordinates": [[[121.42063686528464, 24.662678053899185], [121.42308621269689, 24.65130813201892], [121.43558025428297, 24.64854625159755], [121.4456262812029, 24.65715550575268], [121.4431767894019, 24.66852615985671], [121.43068141488158, 24.67128682775386], [121.42063686528464, 24.662678053899185]]]}, "properties": {"hex": "874ba0236ffffff", "count": 11}}, {"type": "Feature", "geometry": {"type": "Polygon", "coordinates": [[[121.39908015920727, 24.872863172008724], [121.40153025877407, 24.861527778775407], [121.41402613428866, 24.858788472135565], [121.42407324470821, 24.867385767236858], [121.42162299991968, 24.87872188392433], [121.40912578974512, 24.88145998222916], [121.39908015920727, 24.872863172008724]]]}, "properties": {"hex": "874ba0ad4ffffff", "count": 11}}, {"type": "Feature", "geometry": {"type": "Polygon", "coordinates": [[[120.98198372863544, 23.497515875250258], [120.98442581530104, 23.48600054336481], [120.99684223776138, 23.483166857176638], [121.00681791663689, 23.49184976519318], [121.00437567143018, 23.50336590065367], [120.99195790570539, 23.506198324686085], [120.98198372863544, 23.497515875250258]]]}, "properties": {"hex": "874ba2748ffffff", "count": 11}}, {"type": "Feature", "geometry": {"type": "Polygon", "coordinates": [[[121.51133951342135, 24.794167765006044], [121.51378988256506, 24.78281182099136], [121.52629756802739, 24.7800539745902], [121.53635621437907, 24.78865327700397], [121.53390570386165, 24.80000994373341], [121.52139668817728, 24.80276658550746], [121.51133951342135, 24.794167765006044]]]}, "properties": {"hex": "874ba0373ffffff", "count": 11}}, {"type": "Feature", "geometry": {"type": "Polygon", "coordinates": [[[121.69774238659662, 24.48171525589376], [121.70019241436323, 24.47029703224814], [121.71271569640764, 24.467490896416873], [121.72279027245591, 24.476104187139672], [121.72034010980902, 24.48752314033217], [121.70781550580406, 24.49032807342785], [121.69774238659662, 24.48171525589376]]]}, "properties": {"hex": "874ba3944ffffff", "count": 11}}, {"type": "Feature", "geometry": {"type": "Polygon", "coordinates": [[[121.52073726942315, 25.19125909597129], [121.52318933262684, 25.17996526311087], [121.53570654032262, 25.177245182214893], [121.54577301628956, 25.185820128302375], [121.54332081184245, 25.197114665506984], [121.53080227248238, 25.199833552454784], [121.52073726942315, 25.19125909597129]]]}, "properties": {"hex": "874ba56b1ffffff", "count": 11}}, {"type": "Feature", "geometry": {"type": "Polygon", "coordinates": [[[121.13590387685372, 24.66043409785083], [121.13835162847946, 24.64908475563477], [121.15081111666073, 24.64635010923527], [121.16082419613846, 24.654966032256972], [121.15837629051578, 24.666316117763692], [121.14591545922634, 24.66904953712837], [121.13590387685372, 24.66043409785083]]]}, "properties": {"hex": "874ba000affffff", "count": 11}}, {"type": "Feature", "geometry": {"type": "Polygon", "coordinates": [[[121.21666239865826, 24.28487773660601], [121.21910906862215, 24.2734642266003], [121.23157053447731, 24.270685108255975], [121.24158666873961, 24.279320732220647], [121.23913984768674, 24.29073499977624], [121.22667704327435, 24.29351288598632], [121.21666239865826, 24.28487773660601]]]}, "properties": {"hex": "874ba0613ffffff", "count": 11}}, {"type": "Feature", "geometry": {"type": "Polygon", "coordinates": [[[120.92616426303216, 24.533400449340075], [120.92861024274103, 24.522046924125068], [120.94104129505195, 24.519319979796283], [120.95102771732778, 24.52794780167412], [120.94858157666334, 24.539302084084238], [120.93614917449446, 24.542027787589873], [120.92616426303216, 24.533400449340075]]]}, "properties": {"hex": "874ba056bffffff", "count": 11}}, {"type": "Feature", "geometry": {"type": "Polygon", "coordinates": [[[121.57983877715026, 24.973594501522438], [121.58229024169998, 24.96226184881356], [121.59480989234284, 24.959514812016682], [121.60487940675996, 24.968101624707426], [121.6024278030829, 24.979434989351915], [121.58990682392646, 24.98218082954435], [121.57983877715026, 24.973594501522438]]]}, "properties": {"hex": "874ba1da2ffffff", "count": 11}}, {"type": "Feature", "geometry": {"type": "Polygon", "coordinates": [[[121.61740187039868, 24.96535296005614], [121.61985349153164, 24.954016286684173], [121.63237743817658, 24.951264797754327], [121.64245109058994, 24.959851177279642], [121.6399993316141, 24.971188561512125], [121.62747405787783, 24.973938855533248], [121.61740187039868, 24.96535296005614]]]}, "properties": {"hex": "874ba1d85ffffff", "count": 11}}, {"type": "Feature", "geometry": {"type": "Polygon", "coordinates": [[[120.96794202360128, 23.730482070953553], [120.97038497118143, 23.719002683471526], [120.98280447328573, 23.71619305466278], [120.99278237241722, 23.724864071246643], [120.99033926570509, 23.73634425193362], [120.97791841880965, 23.7391526229965], [120.96794202360128, 23.730482070953553]]]}, "properties": {"hex": "874ba2316ffffff", "count": 11}}, {"type": "Feature", "geometry": {"type": "Polygon", "coordinates": [[[120.85833056148701, 22.235357286476162], [120.86076682064972, 22.223668014251633], [120.87314221744495, 22.220723178743523], [120.88308269682521, 22.229468909108096], [120.88064627568234, 22.241159049500812], [120.86826953695774, 22.244102591516054], [120.85833056148701, 22.235357286476162]]]}, "properties": {"hex": "874b868a3ffffff", "count": 11}}, {"type": "Feature", "geometry": {"type": "Polygon", "coordinates": [[[121.42946832008018, 24.952557864783056], [121.43191891238598, 24.941232816373773], [121.44442012542784, 24.93849833771344], [121.45447207989274, 24.947090112394193], [121.45202134335676, 24.95841587945993], [121.43951879639756, 24.961149153361774], [121.42946832008018, 24.952557864783056]]]}, "properties": {"hex": "874ba0ae0ffffff", "count": 11}}, {"type": "Feature", "geometry": {"type": "Polygon", "coordinates": [[[121.1588381730876, 22.939757600994568], [121.16127905388548, 22.928146845974716], [121.17370568585254, 22.925242529191188], [121.18369277146688, 22.933950232016322], [121.1812517383174, 22.945561809432878], [121.16882377172065, 22.94846486178919], [121.1588381730876, 22.939757600994568]]]}, "properties": {"hex": "874b84ceaffffff", "count": 11}}, {"type": "Feature", "geometry": {"type": "Polygon", "coordinates": [[[121.34498517444983, 24.516884244176797], [121.3474335120538, 24.50549715482151], [121.3599153788332, 24.502728356948378], [121.369950242833, 24.511347868572432], [121.36750175835141, 24.522735699771403], [121.35501855656022, 24.52550327767355], [121.34498517444983, 24.516884244176797]]]}, "properties": {"hex": "874ba076bffffff", "count": 11}}, {"type": "Feature", "geometry": {"type": "Polygon", "coordinates": [[[120.95490522048064, 24.234451490744075], [120.95735014683576, 24.223049673320013], [120.96977850352356, 24.22029061714813], [120.97976328118096, 24.228934625269194], [120.97731819499072, 24.240337212783274], [120.96488849079401, 24.243095022253442], [120.95490522048064, 24.234451490744075]]]}, "properties": {"hex": "874ba04ddffffff", "count": 11}}, {"type": "Feature", "geometry": {"type": "Polygon", "coordinates": [[[121.19769703566341, 23.31632726717901], [121.20013965647655, 23.304768935503372], [121.21257874270049, 23.301897440167956], [121.22257654284542, 23.31058553143865], [121.22013377079321, 23.322144666361122], [121.20769334964993, 23.325014906930008], [121.19769703566341, 23.31632726717901]]]}, "properties": {"hex": "874b8498dffffff", "count": 11}}, {"type": "Feature", "geometry": {"type": "Polygon", "coordinates": [[[121.3885635240922, 24.20291693410052], [121.39101081057564, 24.19147818146792], [121.40349136195269, 24.188674660587967], [121.41352595869758, 24.19731111775854], [121.41107852696297, 24.208750624934225], [121.39859664354715, 24.21155292056593], [121.3885635240922, 24.20291693410052]]]}, "properties": {"hex": "874ba06d9ffffff", "count": 11}}, {"type": "Feature", "geometry": {"type": "Polygon", "coordinates": [[[121.59402150528135, 24.797565952392205], [121.59647231423291, 24.786204541201798], [121.60898993606733, 24.78343902060729], [121.61905807596344, 24.79203611170884], [121.6166071284501, 24.803398242250374], [121.60408817941286, 24.80616256251287], [121.59402150528135, 24.797565952392205]]]}, "properties": {"hex": "874ba034effffff", "count": 10}}, {"type": "Feature", "geometry": {"type": "Polygon", "coordinates": [[[120.81466179148134, 22.500790322161333], [120.81709883505108, 22.489142067937895], [120.82947419311287, 22.486226931066515], [120.83941385200292, 22.494961339563343], [120.83697664486854, 22.506610451248886], [120.82459994222725, 22.509524297132124], [120.81466179148134, 22.500790322161333]]]}, "properties": {"hex": "874b86921ffffff", "count": 10}}, {"type": "Feature", "geometry": {"type": "Polygon", "coordinates": [[[121.29332778955492, 24.70155689630106], [121.29577660333179, 24.690202374822274], [121.30825610278961, 24.687456570967516], [121.31828812597966, 24.696066506789155], [121.31583916348835, 24.707421763628645], [121.30335832633418, 24.710166349457218], [121.29332778955492, 24.70155689630106]]]}, "properties": {"hex": "874ba004affffff", "count": 10}}, {"type": "Feature", "geometry": {"type": "Polygon", "coordinates": [[[120.65444697482873, 23.48436450265429], [120.65688694830118, 23.47287191222184], [120.66926241379997, 23.47006763992362], [120.67919926000683, 23.47875723757097], [120.67675911713994, 23.490250645285983], [120.66438229727954, 23.493053638232368], [120.65444697482873, 23.48436450265429]]]}, "properties": {"hex": "874ba246dffffff", "count": 10}}, {"type": "Feature", "geometry": {"type": "Polygon", "coordinates": [[[121.26301228798141, 24.621672192575648], [121.26546060341776, 24.610307428196787], [121.27793475027808, 24.607556743396593], [121.28796191993577, 24.616172044706865], [121.28551345480194, 24.627537549288775], [121.27303796952097, 24.630287012528257], [121.26301228798141, 24.621672192575648]]]}, "properties": {"hex": "874ba03b6ffffff", "count": 10}}, {"type": "Feature", "geometry": {"type": "Polygon", "coordinates": [[[120.97932047085325, 22.782923956940717], [120.98175966084452, 22.771303854264918], [120.99416110876749, 22.76840095059656], [121.00412470670594, 22.7771194267128], [121.00168535845826, 22.788740366641385], [120.98928257034552, 22.7916419933604], [120.97932047085325, 22.782923956940717]]]}, "properties": {"hex": "874bb1269ffffff", "count": 10}}, {"type": "Feature", "geometry": {"type": "Polygon", "coordinates": [[[121.46021881113846, 23.47558234567139], [121.46266352191536, 23.464028307625465], [121.47513758105053, 23.46114760547556], [121.48516825545495, 23.469822179211977], [121.48272340219613, 23.48137700229211], [121.47024801682747, 23.484256466768116], [121.46021881113846, 23.47558234567139]]]}, "properties": {"hex": "874ba3490ffffff", "count": 10}}, {"type": "Feature", "geometry": {"type": "Polygon", "coordinates": [[[121.63733072475077, 24.43002272780322], [121.63978023960254, 24.418600858741883], [121.65229527935215, 24.415795530588436], [121.66236212802897, 24.424413278747306], [121.65991247626069, 24.435835882098747], [121.64739611254252, 24.438640003173454], [121.63733072475077, 24.43002272780322]]]}, "properties": {"hex": "874ba3909ffffff", "count": 10}}, {"type": "Feature", "geometry": {"type": "Polygon", "coordinates": [[[121.33172305182238, 24.909182278448142], [121.33417293553572, 24.89785753168243], [121.34666145336291, 24.895128301042213], [121.35670142454391, 24.903725028152756], [121.35425139331024, 24.915050499284668], [121.34176153822823, 24.91777851911241], [121.33172305182238, 24.909182278448142]]]}, "properties": {"hex": "874ba0aa8ffffff", "count": 10}}, {"type": "Feature", "geometry": {"type": "Polygon", "coordinates": [[[121.73099520090136, 25.102307762671632], [121.73344795299943, 25.09098459739818], [121.74598825995132, 25.0882353478368], [121.75607713810017, 25.09681044936157], [121.75362425197788, 25.108134314953997], [121.74108262154006, 25.110882378878355], [121.73099520090136, 25.102307762671632]]]}, "properties": {"hex": "874ba1d0dffffff", "count": 10}}, {"type": "Feature", "geometry": {"type": "Polygon", "coordinates": [[[121.76098280501915, 25.074156793435066], [121.76343558579943, 25.06282700396393], [121.77597883427164, 25.060072100285403], [121.78607062401149, 25.068648171091915], [121.7836177102466, 25.07997866098614], [121.77107313953539, 25.082732379826517], [121.76098280501915, 25.074156793435066]]]}, "properties": {"hex": "874ba1d56ffffff", "count": 10}}, {"type": "Feature", "geometry": {"type": "Polygon", "coordinates": [[[120.88064627568234, 22.241159049500812], [120.88308269682521, 22.229468909108096], [120.89546097243932, 22.226522604885634], [120.90540416792345, 22.235267733415295], [120.90296758553532, 22.246958740750255], [120.89058796872656, 22.24990375276879], [120.88064627568234, 22.241159049500812]]]}, "properties": {"hex": "874b868aeffffff", "count": 10}}, {"type": "Feature", "geometry": {"type": "Polygon", "coordinates": [[[121.56019555406887, 24.011487160074214], [121.56264296431144, 24.000006595648497], [121.5751400832551, 23.997168170704576], [121.58519111672018, 24.00581153112948], [121.58274356713099, 24.01729285196589], [121.57024512323474, 24.020130056136523], [121.56019555406887, 24.011487160074214]]]}, "properties": {"hex": "874ba3c5cffffff", "count": 10}}, {"type": "Feature", "geometry": {"type": "Polygon", "coordinates": [[[121.53688191977179, 23.841838028907425], [121.539328518579, 23.830333402413107], [121.55181932892721, 23.827480805576254], [121.56186486533673, 23.836134061176807], [121.55941812647085, 23.847639452773137], [121.54692599106585, 23.850490823835756], [121.53688191977179, 23.841838028907425]]]}, "properties": {"hex": "874ba3cdbffffff", "count": 10}}, {"type": "Feature", "geometry": {"type": "Polygon", "coordinates": [[[120.8974293676179, 22.779971794487256], [120.8998680451713, 22.76835742676412], [120.91225933315324, 22.765461787423355], [120.92221328639059, 22.774181797281404], [120.9197744478636, 22.785797005812135], [120.90738181689049, 22.788691363836087], [120.8974293676179, 22.779971794487256]]]}, "properties": {"hex": "874bb1260ffffff", "count": 10}}, {"type": "Feature", "geometry": {"type": "Polygon", "coordinates": [[[121.4728197221065, 24.58611900450925], [121.47526903145926, 24.574733334258486], [121.48776772717348, 24.571958973171576], [121.49781844404232, 24.580571494256354], [121.49536899210712, 24.5919578981928], [121.48286896569702, 24.594731047530757], [121.4728197221065, 24.58611900450925]]]}, "properties": {"hex": "874ba02acffffff", "count": 10}}, {"type": "Feature", "geometry": {"type": "Polygon", "coordinates": [[[120.87166686509842, 23.904917698130678], [120.87410993301543, 23.893471865561636], [120.88652115051606, 23.89068840415102], [120.89649064880733, 23.899352034194628], [120.89404741845921, 23.910798655572105], [120.88163485206773, 23.91358085826253], [120.87166686509842, 23.904917698130678]]]}, "properties": {"hex": "874ba2ab5ffffff", "count": 9}}, {"type": "Feature", "geometry": {"type": "Polygon", "coordinates": [[[120.78840466950189, 23.519648137303815], [120.7908456483305, 23.508150660647164], [120.80323856841291, 23.505337293885578], [120.81319185948543, 23.5140226756231], [120.8107507156716, 23.52552096256868], [120.79835644558828, 23.52833305765017], [120.78840466950189, 23.519648137303815]]]}, "properties": {"hex": "874ba272cffffff", "count": 9}}, {"type": "Feature", "geometry": {"type": "Polygon", "coordinates": [[[121.40569499807275, 24.676803740040935], [121.40814432355559, 24.665437116595857], [121.42063686528464, 24.662678053899185], [121.43068141488158, 24.67128682775386], [121.42823194449691, 24.682654183356615], [121.41573806922906, 24.685412033119007], [121.40569499807275, 24.676803740040935]]]}, "properties": {"hex": "874ba03a9ffffff", "count": 9}}, {"type": "Feature", "geometry": {"type": "Polygon", "coordinates": [[[121.38316357724314, 24.67095082021092], [121.38561275706401, 24.659584930064018], [121.3981024631506, 24.65682747105734], [121.40814432355559, 24.665437116595857], [121.40569499807275, 24.676803740040935], [121.39320395765898, 24.679559984821154], [121.38316357724314, 24.67095082021092]]]}, "properties": {"hex": "874ba03a8ffffff", "count": 9}}, {"type": "Feature", "geometry": {"type": "Polygon", "coordinates": [[[121.18550464344682, 23.987040492153778], [121.18794991766664, 23.97558372159893], [121.20040138803076, 23.972778535019465], [121.21040892231755, 23.98143135987391], [121.20796349611221, 23.992888903007913], [121.19551068741987, 23.9956928488757], [121.18550464344682, 23.987040492153778]]]}, "properties": {"hex": "874ba3db5ffffff", "count": 9}}, {"type": "Feature", "geometry": {"type": "Polygon", "coordinates": [[[121.46522099656217, 24.56611994324711], [121.46767018347724, 24.554731713589263], [121.48016754830849, 24.55195613987575], [121.4902170569192, 24.560570008618527], [121.48776772717348, 24.571958973171576], [121.47526903145926, 24.574733334258486], [121.46522099656217, 24.56611994324711]]]}, "properties": {"hex": "874ba02aeffffff", "count": 9}}, {"type": "Feature", "geometry": {"type": "Polygon", "coordinates": [[[121.47614209168668, 23.68046343987411], [121.47858771698134, 23.668938910174266], [121.49106792011371, 23.666076476965557], [121.50110382432068, 23.674739806095932], [121.49865805698593, 23.68626511077167], [121.48617652729665, 23.689126311508794], [121.47614209168668, 23.68046343987411]]]}, "properties": {"hex": "874ba3434ffffff", "count": 9}}, {"type": "Feature", "geometry": {"type": "Polygon", "coordinates": [[[120.7313154556276, 21.998779671161024], [120.73374996960078, 21.987066804263147], [120.74610481256364, 21.984110595340535], [120.756026486558, 21.99286855782605], [120.75359180654202, 22.00458230952399], [120.74123561839407, 22.007537214089226], [120.7313154556276, 21.998779671161024]]]}, "properties": {"hex": "874b86c0bffffff", "count": 9}}, {"type": "Feature", "geometry": {"type": "Polygon", "coordinates": [[[121.56330957026155, 24.663600626662202], [121.56575966969027, 24.65222045961872], [121.57827081086803, 24.64944490006572], [121.58833318016163, 24.6580507129513], [121.58588294118819, 24.669431606615866], [121.57337047227666, 24.67220596094663], [121.56330957026155, 24.663600626662202]]]}, "properties": {"hex": "874ba0208ffffff", "count": 9}}, {"type": "Feature", "geometry": {"type": "Polygon", "coordinates": [[[120.8002268170168, 22.625900046551845], [120.80266426971085, 22.614270812276995], [120.81504037543463, 22.611369148722293], [120.82498037390386, 22.62009800899313], [120.822542757101, 22.63172809540877], [120.81016530575624, 22.634628469570067], [120.8002268170168, 22.625900046551845]]]}, "properties": {"hex": "874bb121bffffff", "count": 9}}, {"type": "Feature", "geometry": {"type": "Polygon", "coordinates": [[[121.19599302253087, 24.712115822820767], [121.19844133256899, 24.700770116136496], [121.2109092352585, 24.69803473753239], [121.22093016893858, 24.70664628847554], [121.2184817068984, 24.717992733765247], [121.20601246299375, 24.72072688967727], [121.19599302253087, 24.712115822820767]]]}, "properties": {"hex": "874ba0073ffffff", "count": 9}}, {"type": "Feature", "geometry": {"type": "Polygon", "coordinates": [[[121.57170199766958, 24.845749312355217], [121.57415289175924, 24.834397091325055], [121.58666887183156, 24.83163841419847], [121.59673528586463, 24.84023315853579], [121.59428425243044, 24.851586097601988], [121.58176694411824, 24.854343574468526], [121.57170199766958, 24.845749312355217]]]}, "properties": {"hex": "874ba036effffff", "count": 9}}, {"type": "Feature", "geometry": {"type": "Polygon", "coordinates": [[[120.8523703432132, 22.657909761975095], [120.85480825180343, 22.646281184918614], [120.86719147833497, 22.643377841132104], [120.87713814008517, 22.652104360598475], [120.87470006909341, 22.66373378610501], [120.86231549857101, 22.666635843852966], [120.8523703432132, 22.657909761975095]]]}, "properties": {"hex": "874bb12e5ffffff", "count": 9}}, {"type": "Feature", "geometry": {"type": "Polygon", "coordinates": [[[121.50271724579083, 24.557792831231932], [121.50516659558767, 24.546400573066364], [121.51766827615272, 24.543620579592677], [121.52772193621176, 24.552234055368768], [121.5252724448607, 24.563627047340145], [121.51276943481618, 24.56640582990166], [121.50271724579083, 24.557792831231932]]]}, "properties": {"hex": "874ba02abffffff", "count": 9}}, {"type": "Feature", "geometry": {"type": "Polygon", "coordinates": [[[121.22582699409097, 24.683947533698916], [121.22827535718669, 24.67259522510833], [121.2407462972458, 24.66985421213408], [121.25077021404987, 24.678466729812047], [121.2483216999715, 24.68981977716572], [121.23584941988506, 24.692559568249305], [121.22582699409097, 24.683947533698916]]]}, "properties": {"hex": "874ba0051ffffff", "count": 9}}, {"type": "Feature", "geometry": {"type": "Polygon", "coordinates": [[[121.19621852353049, 24.766087726363796], [121.19866705774233, 24.75475045175563], [121.21113612302136, 24.7520203358784], [121.22115799535332, 24.760628716094203], [121.21870930911938, 24.77196672680814], [121.20623890238906, 24.77469562137166], [121.19621852353049, 24.766087726363796]]]}, "properties": {"hex": "874ba0066ffffff", "count": 9}}, {"type": "Feature", "geometry": {"type": "Polygon", "coordinates": [[[120.94555038587272, 23.724617605086863], [120.94799317357779, 23.71313901197576], [120.96040979355462, 23.71033092157025], [120.97038497118143, 23.719002683471526], [120.96794202360128, 23.730482070953553], [120.9555240580858, 23.7332889023279], [120.94555038587272, 23.724617605086863]]]}, "properties": {"hex": "874ba204bffffff", "count": 9}}, {"type": "Feature", "geometry": {"type": "Polygon", "coordinates": [[[121.38613319442472, 23.657233259315298], [121.38857824398153, 23.645711841415523], [121.4010471614686, 23.64285565440842], [121.41107235891887, 23.651522123142716], [121.40862716429237, 23.663044320775562], [121.39615691709834, 23.665899270107996], [121.38613319442472, 23.657233259315298]]]}, "properties": {"hex": "874ba35a3ffffff", "count": 9}}, {"type": "Feature", "geometry": {"type": "Polygon", "coordinates": [[[121.28621506038968, 24.789588945827152], [121.2886641981585, 24.778248733568645], [121.30114468862519, 24.775512219301795], [121.31117737948402, 24.784117133631067], [121.30872809271646, 24.795458077478077], [121.29624626390151, 24.798193375579096], [121.28621506038968, 24.789588945827152]]]}, "properties": {"hex": "874ba006dffffff", "count": 9}}, {"type": "Feature", "geometry": {"type": "Polygon", "coordinates": [[[121.39026742223214, 24.582734399690203], [121.39271627699576, 24.57135423217517], [121.4052049849925, 24.568587492847197], [121.41524617171245, 24.57720213725207], [121.41279717157052, 24.588583041828088], [121.40030712989909, 24.59134856510971], [121.39026742223214, 24.582734399690203]]]}, "properties": {"hex": "874ba0399ffffff", "count": 9}}, {"type": "Feature", "geometry": {"type": "Polygon", "coordinates": [[[121.11881549908816, 24.13272578235363], [121.12126098365282, 24.121296174706703], [121.13370734888719, 24.118511539996575], [121.14370957070342, 24.12715775385164], [121.14126393184098, 24.138588129945052], [121.12881622527472, 24.141371523904613], [121.11881549908816, 24.13272578235363]]]}, "properties": {"hex": "874ba2a65ffffff", "count": 9}}, {"type": "Feature", "geometry": {"type": "Polygon", "coordinates": [[[121.11147885035072, 24.167003025792244], [121.11392443242887, 24.15557920837903], [121.12637061463552, 24.152798621018455], [121.1363725563223, 24.161443091556915], [121.13392681968269, 24.17286767611013], [121.12147929573241, 24.175647023152713], [121.11147885035072, 24.167003025792244]]]}, "properties": {"hex": "874ba2b49ffffff", "count": 9}}, {"type": "Feature", "geometry": {"type": "Polygon", "coordinates": [[[121.44530155243307, 23.490011047227902], [121.44774624226592, 23.478460255061112], [121.46021881113846, 23.47558234567139], [121.47024801682747, 23.484256466768116], [121.46780318400195, 23.49580804392449], [121.45532928829283, 23.498684715161037], [121.44530155243307, 23.490011047227902]]]}, "properties": {"hex": "874ba3494ffffff", "count": 9}}, {"type": "Feature", "geometry": {"type": "Polygon", "coordinates": [[[121.12309344657682, 23.333517899075478], [121.125535706562, 23.32196765973834], [121.13796605465718, 23.319104805812852], [121.14795548020274, 23.327793449696408], [121.145513066472, 23.339344494545827], [121.13308138075666, 23.34220609016295], [121.12309344657682, 23.333517899075478]]]}, "properties": {"hex": "874b849a3ffffff", "count": 8}}, {"type": "Feature", "geometry": {"type": "Polygon", "coordinates": [[[120.81750455985352, 23.3267667720163], [120.81994494120674, 23.315238443176018], [120.83233751207189, 23.312403484446257], [120.84229104954962, 23.32109812906779], [120.83985050428056, 23.332627276158025], [120.82745658526736, 23.335460960538242], [120.81750455985352, 23.3267667720163]]]}, "properties": {"hex": "874ba2614ffffff", "count": 8}}, {"type": "Feature", "geometry": {"type": "Polygon", "coordinates": [[[121.18887272362676, 24.800087805726037], [121.19132135646443, 24.788756403791282], [121.20379024268344, 24.786030328012075], [121.21381183774429, 24.794636875157686], [121.21136305261969, 24.805969011908772], [121.19889282453472, 24.80869386686918], [121.18887272362676, 24.800087805726037]]]}, "properties": {"hex": "874ba014affffff", "count": 8}}, {"type": "Feature", "geometry": {"type": "Polygon", "coordinates": [[[120.94964388422784, 22.811951992075766], [120.95208301042057, 22.800338322606756], [120.96448139542548, 22.797440971190117], [120.97444199539524, 22.80615856735026], [120.97200270994493, 22.81777307394547], [120.95960298359965, 22.82066914741372], [120.94964388422784, 22.811951992075766]]]}, "properties": {"hex": "874b84c93ffffff", "count": 8}}, {"type": "Feature", "geometry": {"type": "Polygon", "coordinates": [[[121.35377080085146, 24.80718890370391], [121.35622038334301, 24.795846500073203], [121.3687094130366, 24.79310517104048], [121.37875019605146, 24.801707458109384], [121.37630046683613, 24.81305058993404], [121.36381010114192, 24.8157907066681], [121.35377080085146, 24.80718890370391]]]}, "properties": {"hex": "874ba0326ffffff", "count": 8}}, {"type": "Feature", "geometry": {"type": "Polygon", "coordinates": [[[120.4904663522959, 23.258814332155744], [120.49290431942363, 23.247300825709917], [120.50525451413839, 23.24448969682561], [120.51516810033834, 23.25319336723435], [120.51272995855103, 23.264707708241875], [120.50037840504375, 23.267517544437908], [120.4904663522959, 23.258814332155744]]]}, "properties": {"hex": "874ba24f2ffffff", "count": 8}}, {"type": "Feature", "geometry": {"type": "Polygon", "coordinates": [[[121.30802017310626, 24.63340045410295], [121.3104687871813, 24.622034210455972], [121.32294863242043, 24.619280334467224], [121.33298120026008, 24.62789392127851], [121.3305324380008, 24.63926090285195], [121.31805125589887, 24.64201355985884], [121.30802017310626, 24.63340045410295]]]}, "properties": {"hex": "874ba03b1ffffff", "count": 8}}, {"type": "Feature", "geometry": {"type": "Polygon", "coordinates": [[[121.33243794750902, 25.07068994431029], [121.33488850458693, 25.059390671414445], [121.3473805216052, 25.056677164806683], [121.3574233193176, 25.06526413785686], [121.35497261466303, 25.076564127700873], [121.34247925968485, 25.07927642771981], [121.33243794750902, 25.07068994431029]]]}, "properties": {"hex": "874ba0a25ffffff", "count": 8}}, {"type": "Feature", "geometry": {"type": "Polygon", "coordinates": [[[121.11300161265349, 24.546461894850378], [121.11544876151106, 24.535096500369804], [121.12790305910677, 24.53235289156457], [121.13791155105896, 24.54097590845319], [121.1354642474943, 24.552342052384738], [121.12300860649881, 24.555084430146323], [121.11300161265349, 24.546461894850378]]]}, "properties": {"hex": "874ba0089ffffff", "count": 8}}, {"type": "Feature", "geometry": {"type": "Polygon", "coordinates": [[[121.3019012361559, 23.215191921771726], [121.30434403563856, 23.203610928490246], [121.31679367705445, 23.200719920534773], [121.32680184957917, 23.20941115740511], [121.32435890240447, 23.22099295430855], [121.31190793021122, 23.223882710883768], [121.3019012361559, 23.215191921771726]]]}, "properties": {"hex": "874b8488dffffff", "count": 8}}, {"type": "Feature", "geometry": {"type": "Polygon", "coordinates": [[[121.16616071783056, 22.904919716587457], [121.16860150096134, 22.893303343349483], [121.1810283125651, 22.890394982397137], [121.19101567507298, 22.899104259567196], [121.18857473985287, 22.910721456518722], [121.17614659402965, 22.913628552748037], [121.16616071783056, 22.904919716587457]]]}, "properties": {"hex": "874b84cceffffff", "count": 8}}, {"type": "Feature", "geometry": {"type": "Polygon", "coordinates": [[[121.85126810748558, 25.04351139018006], [121.85372119077263, 25.032170269204656], [121.86627440498336, 25.029403598313216], [121.87637585442481, 25.037979229601664], [121.87392264126322, 25.049321048867647], [121.86136810834299, 25.05208653873073], [121.85126810748558, 25.04351139018006]]]}, "properties": {"hex": "874ba1c74ffffff", "count": 7}}, {"type": "Feature", "geometry": {"type": "Polygon", "coordinates": [[[121.13217218400001, 23.737008639291048], [121.13461613231894, 23.725517986677094], [121.14705591428482, 23.722693499890713], [121.15705308683985, 23.731360915002774], [121.15460898487376, 23.742852353950706], [121.14216786381478, 23.745675591618326], [121.13217218400001, 23.737008639291048]]]}, "properties": {"hex": "874ba2221ffffff", "count": 7}}, {"type": "Feature", "geometry": {"type": "Polygon", "coordinates": [[[121.76555190385166, 24.499131410025214], [121.76800233395176, 24.48771100122718], [121.78053398597196, 24.48490002278957], [121.79061652721333, 24.49351065214937], [121.7881659645416, 24.50493178700481], [121.77563299300957, 24.507741566616385], [121.76555190385166, 24.499131410025214]]]}, "properties": {"hex": "874ba396bffffff", "count": 7}}, {"type": "Feature", "geometry": {"type": "Polygon", "coordinates": [[[120.82073584374187, 24.253303258557366], [120.82318001897129, 24.241914387038328], [120.83559215557557, 24.2391699791834], [120.8455614689768, 24.247815696076053], [120.84311712943226, 24.259205341968535], [120.8307036406185, 24.261948496761384], [120.82073584374187, 24.253303258557366]]]}, "properties": {"hex": "874ba04abffffff", "count": 7}}, {"type": "Feature", "geometry": {"type": "Polygon", "coordinates": [[[121.04374628290032, 24.040664787727767], [121.04619094964553, 24.029226708507085], [121.0586262048713, 24.026440218687462], [121.06861813671519, 24.035093055009188], [121.06617331320597, 24.04653190991683], [121.05373671443216, 24.04931715298252], [121.04374628290032, 24.040664787727767]]]}, "properties": {"hex": "874ba2a0dffffff", "count": 7}}, {"type": "Feature", "geometry": {"type": "Polygon", "coordinates": [[[120.92636455128421, 24.587420051844198], [120.92881075482792, 24.576074905828072], [120.94124296333418, 24.57335325569037], [120.95123031820917, 24.581977991194073], [120.94878395368734, 24.59332389186976], [120.93635039508433, 24.596044302550904], [120.92636455128421, 24.587420051844198]]]}, "properties": {"hex": "874ba019effffff", "count": 7}}, {"type": "Feature", "geometry": {"type": "Polygon", "coordinates": [[[121.3802514799283, 24.019480933779697], [121.38269797175073, 24.008014743411795], [121.39517369916452, 24.005194206706328], [121.40520426609108, 24.013841090455436], [121.40275762882557, 24.02530804412628], [121.39028056988931, 24.02812735091382], [121.3802514799283, 24.019480933779697]]]}, "properties": {"hex": "874ba3c04ffffff", "count": 7}}, {"type": "Feature", "geometry": {"type": "Polygon", "coordinates": [[[121.09853439027225, 24.668625184472024], [121.10098195824727, 24.657279886896507], [121.11343704835375, 24.654549644261156], [121.12344591476122, 24.663165928089434], [121.1209981915297, 24.674511970001245], [121.10854175696151, 24.67724098391861], [121.09853439027225, 24.668625184472024]]]}, "properties": {"hex": "874ba0003ffffff", "count": 7}}, {"type": "Feature", "geometry": {"type": "Polygon", "coordinates": [[[121.4614676293247, 23.74957045253581], [121.46391345760519, 23.738057401292206], [121.47639333503069, 23.735203029398413], [121.48642871138173, 23.74386294065026], [121.48398274053226, 23.75537676430205], [121.47150153571312, 23.758229904461725], [121.4614676293247, 23.74957045253581]]]}, "properties": {"hex": "874ba3503ffffff", "count": 7}}, {"type": "Feature", "geometry": {"type": "Polygon", "coordinates": [[[121.39883566753429, 24.818909786013844], [121.40128554271364, 24.80756592712803], [121.41378025102463, 24.804821380655742], [121.42382641839397, 24.81342190295945], [121.421376398011, 24.82476648777302], [121.40888035527419, 24.82750982452769], [121.39883566753429, 24.818909786013844]]]}, "properties": {"hex": "874ba0321ffffff", "count": 7}}, {"type": "Feature", "geometry": {"type": "Polygon", "coordinates": [[[121.1095238943818, 23.67652107400501], [121.11196746496955, 23.66502300882674], [121.12440322860422, 23.662194769655848], [121.13439676108509, 23.670865847460373], [121.13195303612271, 23.68236470270195], [121.11951593286925, 23.685191690240977], [121.1095238943818, 23.67652107400501]]]}, "properties": {"hex": "874ba2206ffffff", "count": 7}}, {"type": "Feature", "geometry": {"type": "Polygon", "coordinates": [[[120.8298555138581, 22.59683227030993], [120.83229303699301, 22.58519661919984], [120.84467223055856, 22.582289412602815], [120.85461524529481, 22.591019145658088], [120.85217755904607, 22.602655649047744], [120.83979702099325, 22.605561567259866], [120.8298555138581, 22.59683227030993]]]}, "properties": {"hex": "874bb12f1ffffff", "count": 7}}, {"type": "Feature", "geometry": {"type": "Polygon", "coordinates": [[[121.33901608699678, 23.15147385942919], [121.34145883473171, 23.139880740994634], [121.35391164905845, 23.136980124876413], [121.36392304463698, 23.145673878071456], [121.36148015048866, 23.157267801525165], [121.34902600698908, 23.160167166928623], [121.33901608699678, 23.15147385942919]]]}, "properties": {"hex": "874b84121ffffff", "count": 7}}, {"type": "Feature", "geometry": {"type": "Polygon", "coordinates": [[[121.18040626202229, 24.56409510534861], [121.18285387274639, 24.55272746592186], [121.19531676888545, 24.549979103054582], [121.20533339521342, 24.558599606970116], [121.20288563203843, 24.569967992439782], [121.19042139480014, 24.572715128121118], [121.18040626202229, 24.56409510534861]]]}, "properties": {"hex": "874ba00c2ffffff", "count": 7}}, {"type": "Feature", "geometry": {"type": "Polygon", "coordinates": [[[121.31064301638177, 23.510021658348837], [121.31308705570149, 23.49848376024424], [121.3255438261536, 23.49562043506489], [121.33555788886324, 23.504296252935763], [121.33311370200173, 23.51583494066002], [121.32065559978611, 23.51869702105945], [121.31064301638177, 23.510021658348837]]]}, "properties": {"hex": "874b84962ffffff", "count": 7}}, {"type": "Feature", "geometry": {"type": "Polygon", "coordinates": [[[120.83425077673814, 23.858810404054637], [120.83669342346032, 23.847360405692367], [120.84909904540432, 23.84457596233046], [120.85906337040724, 23.853242779194034], [120.85662056003535, 23.864693570005095], [120.84421358812742, 23.86747675166828], [120.83425077673814, 23.858810404054637]]]}, "properties": {"hex": "874ba214dffffff", "count": 7}}, {"type": "Feature", "geometry": {"type": "Polygon", "coordinates": [[[120.85140677585449, 22.381297345013866], [120.85384357314193, 22.36962927768751], [120.86622106568856, 22.366699197349877], [120.87616310357156, 22.375438475737983], [120.87372614399781, 22.387107404630115], [120.8613473086457, 22.390036193724523], [120.85140677585449, 22.381297345013866]]]}, "properties": {"hex": "874b8691bffffff", "count": 7}}, {"type": "Feature", "geometry": {"type": "Polygon", "coordinates": [[[121.3653307838572, 24.033761584267054], [121.36777725288015, 24.022298665722015], [121.3802514799283, 24.019480933779697], [121.39028056988931, 24.02812735091382], [121.38783395491258, 24.039591032703207], [121.37535839574149, 24.042407534282844], [121.3653307838572, 24.033761584267054]]]}, "properties": {"hex": "874ba3c22ffffff", "count": 7}}, {"type": "Feature", "geometry": {"type": "Polygon", "coordinates": [[[120.83659406077763, 22.39588953070175], [120.83903082351628, 22.3842246594615], [120.85140677585449, 22.381297345013866], [120.8613473086457, 22.390036193724523], [120.85891038312326, 22.40170192646703], [120.84653308741184, 22.40462794915276], [120.83659406077763, 22.39588953070175]]]}, "properties": {"hex": "874b86918ffffff", "count": 7}}, {"type": "Feature", "geometry": {"type": "Polygon", "coordinates": [[[121.46905558528695, 23.769740469217453], [121.47150153571312, 23.758229904461725], [121.48398274053226, 23.75537676430205], [121.49401932194486, 23.76403541996282], [121.49157322919679, 23.77554675589167], [121.47909069717029, 23.778398665154693], [121.46905558528695, 23.769740469217453]]]}, "properties": {"hex": "874ba3501ffffff", "count": 7}}, {"type": "Feature", "geometry": {"type": "Polygon", "coordinates": [[[121.50297134307462, 24.61195291014648], [121.50542091712298, 24.600569068783436], [121.51792376598286, 24.597794313181623], [121.52797837031783, 24.60640460869003], [121.52552865469815, 24.617789181382392], [121.5130244761261, 24.620562727409304], [121.50297134307462, 24.61195291014648]]]}, "properties": {"hex": "874ba021effffff", "count": 7}}, {"type": "Feature", "geometry": {"type": "Polygon", "coordinates": [[[120.57190472351591, 23.207363682122466], [120.57434303078823, 23.195836371015712], [120.58670244435862, 23.19301260703154], [120.59662490634535, 23.20171744390335], [120.59418642711701, 23.213245588794233], [120.58182565767777, 23.21606806318835], [120.57190472351591, 23.207363682122466]]]}, "properties": {"hex": "874ba24daffffff", "count": 7}}, {"type": "Feature", "geometry": {"type": "Polygon", "coordinates": [[[121.17083231053967, 24.05574070159258], [121.17327778117202, 24.044295480324532], [121.18572889271353, 24.04149838328347], [121.19573587259087, 24.050147747558103], [121.19329024944545, 24.061593738798717], [121.18083779875008, 24.064389595959764], [121.17083231053967, 24.05574070159258]]]}, "properties": {"hex": "874ba2a4effffff", "count": 7}}, {"type": "Feature", "geometry": {"type": "Polygon", "coordinates": [[[121.41328862060227, 24.69677608955278], [121.41573806922906, 24.685412033119007], [121.42823194449691, 24.682654183356615], [121.43827770430336, 24.69126160225086], [121.43582811102227, 24.702626389635192], [121.42333290240089, 24.705383027346848], [121.41328862060227, 24.69677608955278]]]}, "properties": {"hex": "874ba031affffff", "count": 7}}, {"type": "Feature", "geometry": {"type": "Polygon", "coordinates": [[[121.31939409988153, 23.803848513014675], [121.32183938018056, 23.792354087598298], [121.33430328721482, 23.789518405079725], [121.34432324651381, 23.798178386074138], [121.34187781882393, 23.809673587179255], [121.32941257903934, 23.812508031768516], [121.31939409988153, 23.803848513014675]]]}, "properties": {"hex": "874ba3c93ffffff", "count": 7}}, {"type": "Feature", "geometry": {"type": "Polygon", "coordinates": [[[121.42088333070608, 24.716744514830932], [121.42333290240089, 24.705383027346848], [121.43582811102227, 24.702626389635192], [121.44587508092853, 24.711232450746195], [121.44342536482709, 24.722594667974555], [121.43092882303776, 24.725350094519893], [121.42088333070608, 24.716744514830932]]]}, "properties": {"hex": "874ba0318ffffff", "count": 6}}, {"type": "Feature", "geometry": {"type": "Polygon", "coordinates": [[[120.844096196273, 22.416290484778514], [120.84653308741184, 22.40462794915276], [120.85891038312326, 22.40170192646703], [120.86885213072215, 22.410439730555424], [120.8664150770367, 22.422103126401726], [120.85403643811736, 22.425027858095397], [120.844096196273, 22.416290484778514]]]}, "properties": {"hex": "874b8691dffffff", "count": 6}}, {"type": "Feature", "geometry": {"type": "Polygon", "coordinates": [[[120.71995410501454, 23.063581925169466], [120.72239280282427, 23.05202224637833], [120.73476783282594, 23.049170646895952], [120.7447055151122, 23.057880011287907], [120.7422666503041, 23.069440524753777], [120.72989027002683, 23.07229083931229], [120.71995410501454, 23.063581925169466]]]}, "properties": {"hex": "874bb1a73ffffff", "count": 6}}, {"type": "Feature", "geometry": {"type": "Polygon", "coordinates": [[[120.98383125334621, 23.988736407669972], [120.98627534942891, 23.97729489452864], [120.99870216004449, 23.97450901398469], [121.00868621979244, 23.983165897781472], [121.00624196497105, 23.9946081913928], [120.99381380895625, 23.997392820903443], [120.98383125334621, 23.988736407669972]]]}, "properties": {"hex": "874ba2a1cffffff", "count": 6}}, {"type": "Feature", "geometry": {"type": "Polygon", "coordinates": [[[121.34092320569471, 23.59084277781259], [121.34336773941453, 23.57931473045962], [121.35582983583237, 23.57645637943693], [121.36584872938099, 23.585127317401543], [121.36340404909943, 23.596656149398957], [121.35094062164444, 23.599513258953646], [121.34092320569471, 23.59084277781259]]]}, "properties": {"hex": "874ba3594ffffff", "count": 6}}, {"type": "Feature", "geometry": {"type": "Polygon", "coordinates": [[[120.90177257781816, 23.98532146599648], [120.90421615995334, 23.973885574679397], [120.91663277201052, 23.971107143044105], [120.92660714996771, 23.979765858204797], [120.92416340635978, 23.9912025333685], [120.91174544608388, 23.993979709690443], [120.90177257781816, 23.98532146599648]]]}, "properties": {"hex": "874ba2b89ffffff", "count": 6}}, {"type": "Feature", "geometry": {"type": "Polygon", "coordinates": [[[120.85314183365024, 22.87858223583137], [120.85558063201184, 22.866985503255723], [120.8679684495523, 22.86410353518841], [120.87791881348934, 22.8728195815625], [120.87547985263404, 22.884417152125792], [120.86309069015326, 22.88729783848649], [120.85314183365024, 22.87858223583137]]]}, "properties": {"hex": "874bb1368ffffff", "count": 6}}, {"type": "Feature", "geometry": {"type": "Polygon", "coordinates": [[[121.66914837365167, 24.780958658498886], [121.67159949182411, 24.769589206624158], [121.68412568563063, 24.766814800290877], [121.69420208542638, 24.775411042919238], [121.6917508312618, 24.78678121196512], [121.67922331310342, 24.78955442138546], [121.66914837365167, 24.780958658498886]]]}, "properties": {"hex": "874ba1c92ffffff", "count": 6}}, {"type": "Feature", "geometry": {"type": "Polygon", "coordinates": [[[121.34658313599994, 23.17175785917455], [121.34902600698908, 23.160167166928623], [121.36148015048866, 23.157267801525165], [121.371492751804, 23.165960378438964], [121.36904973464628, 23.17755187444978], [121.35659426215562, 23.180449989946027], [121.34658313599994, 23.17175785917455]]]}, "properties": {"hex": "874b848d2ffffff", "count": 6}}, {"type": "Feature", "geometry": {"type": "Polygon", "coordinates": [[[120.97854845910777, 24.565179529616284], [120.98099488784425, 24.553827033136844], [120.99343307049897, 24.551098181442374], [121.00342617241937, 24.55972306377801], [121.00097958446062, 24.57107631397542], [120.98854005361908, 24.573803928288147], [120.97854845910777, 24.565179529616284]]]}, "properties": {"hex": "874ba00b5ffffff", "count": 6}}, {"type": "Feature", "geometry": {"type": "Polygon", "coordinates": [[[121.40275762882557, 24.02530804412628], [121.40520426609108, 24.013841090455436], [121.41768282334034, 24.011018978720852], [121.42771607387358, 24.01966504944688], [121.42526929192253, 24.031132765249442], [121.41278940393636, 24.033953648363177], [121.40275762882557, 24.02530804412628]]]}, "properties": {"hex": "874ba3c05ffffff", "count": 6}}, {"type": "Feature", "geometry": {"type": "Polygon", "coordinates": [[[120.89385036128223, 23.856335346863478], [120.89629336832951, 23.844880496120485], [120.90870632601737, 23.84209017546617], [120.91867762438517, 23.850755964421147], [120.916234455671, 23.862211605387955], [120.90382015007256, 23.86500066734083], [120.89385036128223, 23.856335346863478]]]}, "properties": {"hex": "874ba2a95ffffff", "count": 6}}, {"type": "Feature", "geometry": {"type": "Polygon", "coordinates": [[[121.91895466191075, 25.006972232827078], [121.92140790770381, 24.99562048749335], [121.93396826834623, 24.9928436908033], [121.94407669898949, 25.001419818124994], [121.94162332566374, 25.012772260734184], [121.92906164903519, 25.0155478789226], [121.91895466191075, 25.006972232827078]]]}, "properties": {"hex": "874ba1c42ffffff", "count": 6}}, {"type": "Feature", "geometry": {"type": "Polygon", "coordinates": [[[121.45363161784753, 23.674659415167664], [121.45607710034366, 23.663135661634076], [121.46855448633063, 23.660274792166952], [121.47858771698134, 23.668938910174266], [121.47614209168668, 23.68046343987411], [121.46366337835238, 23.68332307556789], [121.45363161784753, 23.674659415167664]]]}, "properties": {"hex": "874ba35a9ffffff", "count": 6}}, {"type": "Feature", "geometry": {"type": "Polygon", "coordinates": [[[121.52809335640829, 25.157371668526576], [121.53054531696951, 25.146071907647027], [121.54306268515381, 25.143347804711137], [121.55312942382915, 25.15192465729635], [121.55067732229115, 25.163225123774936], [121.53815862286514, 25.165948032244028], [121.52809335640829, 25.157371668526576]]]}, "properties": {"hex": "874ba5695ffffff", "count": 6}}, {"type": "Feature", "geometry": {"type": "Polygon", "coordinates": [[[121.54125713276949, 24.765934061483303], [121.54370754062603, 24.75457151358832], [121.55621820583652, 24.751808026540793], [121.56627979200157, 24.760408291372073], [121.56382924380198, 24.77177156210353], [121.5513172495912, 24.774533845340414], [121.54125713276949, 24.765934061483303]]]}, "properties": {"hex": "874ba0351ffffff", "count": 6}}, {"type": "Feature", "geometry": {"type": "Polygon", "coordinates": [[[120.80550319611122, 24.158990899541283], [120.80794688894278, 24.14758871869213], [120.82035516847559, 24.14483648477919], [120.83032110729577, 24.153487687992563], [120.82787724969485, 24.16489064824669], [120.81546761786021, 24.16764162604837], [120.80550319611122, 24.158990899541283]]]}, "properties": {"hex": "874ba049bffffff", "count": 6}}, {"type": "Feature", "geometry": {"type": "Polygon", "coordinates": [[[121.46780318400195, 23.49580804392449], [121.47024801682747, 23.484256466768116], [121.48272340219613, 23.48137700229211], [121.49275528059943, 23.490050351989552], [121.49031030553877, 23.501602712937085], [121.4778335941225, 23.50448094056266], [121.46780318400195, 23.49580804392449]]]}, "properties": {"hex": "874ba3495ffffff", "count": 6}}, {"type": "Feature", "geometry": {"type": "Polygon", "coordinates": [[[121.32366071919311, 24.781379015962365], [121.32611003010629, 24.77003476836957], [121.33859487925811, 24.767293831301046], [121.34863175427714, 24.775898356474904], [121.34618229563455, 24.787243334599065], [121.33369610951483, 24.789983057189982], [121.32366071919311, 24.781379015962365]]]}, "properties": {"hex": "874ba0334ffffff", "count": 6}}, {"type": "Feature", "geometry": {"type": "Polygon", "coordinates": [[[121.36605404186501, 24.197080832409483], [121.3685011823395, 24.18564283548231], [121.38097890037656, 24.182840896654962], [121.39101081057564, 24.19147818146792], [121.3885635240922, 24.20291693410052], [121.37608447323134, 24.205717646384258], [121.36605404186501, 24.197080832409483]]]}, "properties": {"hex": "874ba06d8ffffff", "count": 6}}, {"type": "Feature", "geometry": {"type": "Polygon", "coordinates": [[[121.4078926357071, 23.498632049060646], [121.41033715999667, 23.487085289765503], [121.42280541576216, 23.484211726949596], [121.43283047527585, 23.492886163527658], [121.43038580672668, 23.504433708963067], [121.41791622273647, 23.507306031846422], [121.4078926357071, 23.498632049060646]]]}, "properties": {"hex": "874b8494dffffff", "count": 5}}, {"type": "Feature", "geometry": {"type": "Polygon", "coordinates": [[[120.70693645512269, 23.625543813136673], [120.70937734280677, 23.614068322895367], [120.72176228545918, 23.611272988594457], [120.73170769347921, 23.61995441821789], [120.7292666380551, 23.631430716954952], [120.71688034216932, 23.63422477773526], [120.70693645512269, 23.625543813136673]]]}, "properties": {"hex": "874ba20adffffff", "count": 5}}, {"type": "Feature", "geometry": {"type": "Polygon", "coordinates": [[[120.99952978096813, 24.191950598242645], [121.00197480261144, 24.180538931823104], [121.01440777185549, 24.17777145472044], [121.02439706504055, 24.186416889650452], [121.0219518850752, 24.19782932641752], [121.00951757006234, 24.200595558074287], [120.99952978096813, 24.191950598242645]]]}, "properties": {"hex": "874ba2b62ffffff", "count": 5}}, {"type": "Feature", "geometry": {"type": "Polygon", "coordinates": [[[120.78201432430058, 23.826919778993858], [120.78445651190928, 23.815468896712794], [120.79685497956675, 23.812686259831256], [120.80681261103321, 23.821355770500226], [120.80437025805865, 23.83280744878371], [120.79197043880107, 23.835588820559813], [120.78201432430058, 23.826919778993858]]]}, "properties": {"hex": "874ba2143ffffff", "count": 5}}, {"type": "Feature", "geometry": {"type": "Polygon", "coordinates": [[[121.46798007480896, 25.159670131471692], [121.4704317305774, 25.14837510145903], [121.48294195061207, 25.145657086562647], [121.49300184813985, 25.154235299288157], [121.49055004934853, 25.165531037073908], [121.47803849586334, 25.16824785453548], [121.46798007480896, 25.159670131471692]]]}, "properties": {"hex": "874ba0b4dffffff", "count": 5}}, {"type": "Feature", "geometry": {"type": "Polygon", "coordinates": [[[120.6101808951929, 23.581816718224314], [120.61262097324834, 23.570342029327346], [120.62499288989386, 23.567551484594812], [120.63492608458425, 23.576236908381198], [120.6324858356197, 23.587712411661776], [120.62011256269304, 23.59050167693394], [120.6101808951929, 23.581816718224314]]]}, "properties": {"hex": "874ba20b5ffffff", "count": 5}}, {"type": "Feature", "geometry": {"type": "Polygon", "coordinates": [[[121.7533464545576, 25.054249992587735], [121.75579911592395, 25.04291759358318], [121.76834104196035, 25.040161504169134], [121.77843162887518, 25.048738999670785], [121.77597883427164, 25.060072100285403], [121.76343558579943, 25.06282700396393], [121.7533464545576, 25.054249992587735]]]}, "properties": {"hex": "874ba1c25ffffff", "count": 5}}, {"type": "Feature", "geometry": {"type": "Polygon", "coordinates": [[[120.6392865288451, 23.389299762891184], [120.64172601774219, 23.37779419838477], [120.6540976284377, 23.374982011255547], [120.66403110449667, 23.383676671004036], [120.66159144575875, 23.395183057923298], [120.6492184806218, 23.397993962841863], [120.6392865288451, 23.389299762891184]]]}, "properties": {"hex": "874ba245dffffff", "count": 5}}, {"type": "Feature", "geometry": {"type": "Polygon", "coordinates": [[[121.53570654032262, 25.177245182214893], [121.53815862286514, 25.165948032244028], [121.55067732229115, 25.163225123774936], [121.56074527003712, 25.17180055901376], [121.5582930467676, 25.183098413395477], [121.54577301628956, 25.185820128302375], [121.53570654032262, 25.177245182214893]]]}, "properties": {"hex": "874ba5686ffffff", "count": 5}}, {"type": "Feature", "geometry": {"type": "Polygon", "coordinates": [[[121.07698759280495, 22.991942089943677], [121.07942820561446, 22.980345053070028], [121.09184590920691, 22.9774533711397], [121.10182433752941, 22.986159993950075], [121.09938356960826, 22.997757854200707], [121.0869645282923, 23.000648268425333], [121.07698759280495, 22.991942089943677]]]}, "properties": {"hex": "874b84c0affffff", "count": 5}}, {"type": "Feature", "geometry": {"type": "Polygon", "coordinates": [[[121.26324401006067, 24.675724121395447], [121.26569254964832, 24.66436777398393], [121.27816786013764, 24.661622348407096], [121.28819596950838, 24.67023449061276], [121.28574728020385, 24.681591575729758], [121.27327063105851, 24.684335781106764], [121.26324401006067, 24.675724121395447]]]}, "properties": {"hex": "874ba0058ffffff", "count": 5}}, {"type": "Feature", "geometry": {"type": "Polygon", "coordinates": [[[121.67650162394857, 24.74684441996536], [121.67895263788412, 24.735469086084606], [121.69147898350622, 24.732690661505973], [121.7015556389296, 24.74128876836465], [121.69910448926852, 24.75266482066734], [121.6865768197194, 24.75544204786332], [121.67650162394857, 24.74684441996536]]]}, "properties": {"hex": "874ba026effffff", "count": 5}}, {"type": "Feature", "geometry": {"type": "Polygon", "coordinates": [[[120.6176723533066, 23.601973921607442], [120.62011256269304, 23.59050167693394], [120.6324858356197, 23.587712411661776], [120.64242025510114, 23.596396669849838], [120.63997987504112, 23.60786972765155], [120.62760524599237, 23.61065771429872], [120.6176723533066, 23.601973921607442]]]}, "properties": {"hex": "874ba20a6ffffff", "count": 5}}, {"type": "Feature", "geometry": {"type": "Polygon", "coordinates": [[[121.48448680082006, 23.86472579502301], [121.4869332189913, 23.853228460259487], [121.49941824304304, 23.850383040018258], [121.5094581758019, 23.859036182705598], [121.50701161578621, 23.87053428366092], [121.49452526466824, 23.87337847590573], [121.48448680082006, 23.86472579502301]]]}, "properties": {"hex": "874ba3cd1ffffff", "count": 5}}, {"type": "Feature", "geometry": {"type": "Polygon", "coordinates": [[[121.3596746982564, 24.44853250469605], [121.36212283507568, 24.43713373725457], [121.3746050415854, 24.434356869864448], [121.38464044526509, 24.442979990969796], [121.38219216209832, 24.454379502818824], [121.3697086214118, 24.45715514932562], [121.3596746982564, 24.44853250469605]]]}, "properties": {"hex": "874ba0664ffffff", "count": 5}}, {"type": "Feature", "geometry": {"type": "Polygon", "coordinates": [[[121.36750175835141, 24.522735699771403], [121.369950242833, 24.511347868572432], [121.38243494870008, 24.50857747583898], [121.39247250412525, 24.51719613315425], [121.39002387352446, 24.528584705050598], [121.3775378334301, 24.531353879105367], [121.36750175835141, 24.522735699771403]]]}, "properties": {"hex": "874ba02b6ffffff", "count": 5}}, {"type": "Feature", "geometry": {"type": "Polygon", "coordinates": [[[121.55569997438607, 24.64361376134273], [121.5581499523525, 24.632231025410032], [121.57065976560651, 24.62945425975437], [121.58072092862871, 24.638061436306803], [121.57827081086803, 24.64944490006572], [121.56575966969027, 24.65222045961872], [121.55569997438607, 24.64361376134273]]]}, "properties": {"hex": "874ba020affffff", "count": 5}}, {"type": "Feature", "geometry": {"type": "Polygon", "coordinates": [[[121.48117577008578, 24.768366774138077], [121.4836258747485, 24.75700897682545], [121.49612940590737, 24.75425153830532], [121.5061841634225, 24.762853104079042], [121.50373391637368, 24.774211626448093], [121.49122905400714, 24.776967858159836], [121.48117577008578, 24.768366774138077]]]}, "properties": {"hex": "874ba0309ffffff", "count": 5}}, {"type": "Feature", "geometry": {"type": "Polygon", "coordinates": [[[120.94858157666334, 24.539302084084238], [120.95102771732778, 24.52794780167412], [120.9634616620062, 24.525219285292785], [120.97345081494491, 24.533846291033615], [120.97100451407049, 24.545201329510615], [120.95856922028298, 24.547928606348528], [120.94858157666334, 24.539302084084238]]]}, "properties": {"hex": "874ba00b6ffffff", "count": 5}}, {"type": "Feature", "geometry": {"type": "Polygon", "coordinates": [[[120.7702340703395, 22.544444658639186], [120.77267100676707, 22.532806016189934], [120.78504172836888, 22.529899187255122], [120.79497685963761, 22.538632293439935], [120.79253975815473, 22.550271793143654], [120.78016769027722, 22.55317732956466], [120.7702340703395, 22.544444658639186]]]}, "properties": {"hex": "874bb1288ffffff", "count": 5}}, {"type": "Feature", "geometry": {"type": "Polygon", "coordinates": [[[121.79861666262497, 25.065891625071252], [121.80106958969301, 25.054557823983192], [121.81361709471774, 25.051798450971713], [121.82371299327414, 25.060374062361554], [121.82125993451503, 25.071708562785833], [121.80871110869921, 25.074466752659998], [121.79861666262497, 25.065891625071252]]]}, "properties": {"hex": "874ba1d53ffffff", "count": 5}}, {"type": "Feature", "geometry": {"type": "Polygon", "coordinates": [[[121.45152243254026, 24.8505616828832], [121.45397272014907, 24.839218954499906], [121.46647442851382, 24.836472391652652], [121.47652718173786, 24.845069763605533], [121.47407675069674, 24.85641321444668], [121.46157370967532, 24.85915857105012], [121.45152243254026, 24.8505616828832]]]}, "properties": {"hex": "874ba0adeffffff", "count": 5}}, {"type": "Feature", "geometry": {"type": "Polygon", "coordinates": [[[121.10609406246282, 24.688583724884584], [121.10854175696151, 24.67724098391861], [121.1209981915297, 24.674511970001245], [121.13100827569963, 24.683126925052026], [121.12856042618786, 24.69447040914077], [121.11610264733346, 24.697198195226242], [121.10609406246282, 24.688583724884584]]]}, "properties": {"hex": "874ba0001ffffff", "count": 5}}, {"type": "Feature", "geometry": {"type": "Polygon", "coordinates": [[[121.79013268598773, 24.884057051324387], [121.79258482001559, 24.872695104739524], [121.80512747738553, 24.86991895347269], [121.81521932083567, 24.87850593713058], [121.81276705490669, 24.88986859151893], [121.80022307723753, 24.89264355462102], [121.79013268598773, 24.884057051324387]]]}, "properties": {"hex": "874ba1cf6ffffff", "count": 5}}, {"type": "Feature", "geometry": {"type": "Polygon", "coordinates": [[[121.37508922544554, 24.54273915770607], [121.3775378334301, 24.531353879105367], [121.39002387352446, 24.528584705050598], [121.40006263948983, 24.537202027569855], [121.39761388563286, 24.548588045654984], [121.3851265114952, 24.55135600190763], [121.37508922544554, 24.54273915770607]]]}, "properties": {"hex": "874ba02b4ffffff", "count": 5}}, {"type": "Feature", "geometry": {"type": "Polygon", "coordinates": [[[121.33145012100925, 23.131186259769677], [121.33389274541508, 23.119590717343122], [121.34634423038743, 23.116688849703596], [121.35635442012229, 23.125383776175727], [121.35391164905845, 23.136980124876413], [121.34145883473171, 23.139880740994634], [121.33145012100925, 23.131186259769677]]]}, "properties": {"hex": "874b84123ffffff", "count": 5}}, {"type": "Feature", "geometry": {"type": "Polygon", "coordinates": [[[121.09810172269756, 24.560564788174265], [121.10054884265386, 24.5492026896733], [121.11300161265349, 24.546461894850378], [121.12300860649881, 24.555084430146323], [121.12056133132792, 24.566447278015165], [121.10810721734067, 24.569186841389804], [121.09810172269756, 24.560564788174265]]]}, "properties": {"hex": "874ba008dffffff", "count": 5}}, {"type": "Feature", "geometry": {"type": "Polygon", "coordinates": [[[120.76661960768925, 23.677620118523375], [120.76906108972929, 23.66614792226966], [120.78145455455198, 23.663352085612214], [120.7914078886025, 23.672029714659878], [120.7889662407687, 23.683502714586705], [120.77657142449593, 23.686297281955834], [120.76661960768925, 23.677620118523375]]]}, "properties": {"hex": "874ba200affffff", "count": 4}}, {"type": "Feature", "geometry": {"type": "Polygon", "coordinates": [[[120.7895281215957, 23.84703723056186], [120.79197043880107, 23.835588820559813], [120.80437025805865, 23.83280744878371], [120.8143291113638, 23.841475751432313], [120.81188662903071, 23.852924956191334], [120.79948545833771, 23.855705063708932], [120.7895281215957, 23.84703723056186]]]}, "properties": {"hex": "874ba2141ffffff", "count": 4}}, {"type": "Feature", "geometry": {"type": "Polygon", "coordinates": [[[121.68331246334128, 24.604396904457005], [121.68576292416029, 24.592998808104714], [121.69828707672096, 24.590205929644302], [121.70836209131313, 24.59881234823334], [121.70591149506588, 24.610211169166686], [121.69338601946463, 24.613002847103264], [121.68331246334128, 24.604396904457005]]]}, "properties": {"hex": "874ba15b6ffffff", "count": 4}}, {"type": "Feature", "geometry": {"type": "Polygon", "coordinates": [[[121.30899410667527, 23.12539013632435], [121.31143658367108, 23.113795401380735], [121.3238852380687, 23.110895065397354], [121.33389274541508, 23.119590717343122], [121.33145012100925, 23.131186259769677], [121.31900013648122, 23.13408534293113], [121.30899410667527, 23.12539013632435]]]}, "properties": {"hex": "874b84122ffffff", "count": 4}}, {"type": "Feature", "geometry": {"type": "Polygon", "coordinates": [[[120.79854851274342, 24.30157560201333], [120.8009927464297, 24.290195816644427], [120.81340312988101, 24.287458276782882], [120.8233706326493, 24.296101775466724], [120.82092623388378, 24.307482333783273], [120.80851449724626, 24.310218620634902], [120.79854851274342, 24.30157560201333]]]}, "properties": {"hex": "874ba0413ffffff", "count": 4}}, {"type": "Feature", "geometry": {"type": "Polygon", "coordinates": [[[121.07564770564734, 24.5546798835768], [121.07809466963882, 24.54331853557714], [121.09054456586009, 24.540579322174462], [121.10054884265386, 24.5492026896733], [121.09810172269756, 24.560564788174265], [121.08565048172692, 24.563302768844565], [121.07564770564734, 24.5546798835768]]]}, "properties": {"hex": "874ba008cffffff", "count": 4}}, {"type": "Feature", "geometry": {"type": "Polygon", "coordinates": [[[120.9614261474817, 23.982862302272064], [120.96387008408117, 23.971421570755766], [120.97629401207223, 23.968637240642284], [120.98627534942891, 23.97729489452864], [120.98383125334621, 23.988736407669972], [120.97140597920608, 23.991519485465833], [120.9614261474817, 23.982862302272064]]]}, "properties": {"hex": "874ba2a11ffffff", "count": 4}}, {"type": "Feature", "geometry": {"type": "Polygon", "coordinates": [[[120.7739439604836, 23.643197812750476], [120.7763853491813, 23.631719900502404], [120.78877901596348, 23.62891999879928], [120.79873264491252, 23.63759927919186], [120.79629109068271, 23.649077996453748], [120.78389607285376, 23.65187662847218], [120.7739439604836, 23.643197812750476]]]}, "properties": {"hex": "874ba20e6ffffff", "count": 4}}, {"type": "Feature", "geometry": {"type": "Polygon", "coordinates": [[[121.24878249650854, 24.797785609309035], [121.25123145901361, 24.78644943400151], [121.26370758242369, 24.783717340715437], [121.27373608286531, 24.792322640759508], [121.27128697009387, 24.803659548708367], [121.25880950696025, 24.80639042414341], [121.24878249650854, 24.797785609309035]]]}, "properties": {"hex": "874ba0a92ffffff", "count": 4}}, {"type": "Feature", "geometry": {"type": "Polygon", "coordinates": [[[121.37001418544207, 23.397485529640342], [121.37245809541952, 23.385926495309068], [121.38491970730642, 23.383046720488156], [121.39493873817149, 23.391727224207383], [121.39249468270575, 23.40328705090655], [121.38003174167665, 23.406165581684107], [121.37001418544207, 23.397485529640342]]]}, "properties": {"hex": "874b84874ffffff", "count": 4}}, {"type": "Feature", "geometry": {"type": "Polygon", "coordinates": [[[121.16349570243636, 24.090064803840942], [121.16594127116356, 24.078625363839375], [121.17839220264463, 24.0758323119496], [121.18839890477943, 24.08447993968726], [121.18595318327533, 24.095920148357962], [121.17350091222771, 24.09871196078959], [121.16349570243636, 24.090064803840942]]]}, "properties": {"hex": "874ba2a6affffff", "count": 4}}, {"type": "Feature", "geometry": {"type": "Polygon", "coordinates": [[[121.56617015167505, 25.256698886879622], [121.5686227213746, 25.245412199085802], [121.58114674386817, 25.24269405942947], [121.59121952676308, 25.25126379767778], [121.5887668173369, 25.26255118513828], [121.57624146455257, 25.26526813485914], [121.56617015167505, 25.256698886879622]]]}, "properties": {"hex": "874ba5612ffffff", "count": 4}}, {"type": "Feature", "geometry": {"type": "Polygon", "coordinates": [[[121.41620825100324, 23.683229271551948], [121.41865356832476, 23.671709550754766], [121.43112664040652, 23.66885304076404], [121.4411557237174, 23.6775174872791], [121.43871026232884, 23.689037985382473], [121.42623586150918, 23.69189325983188], [121.41620825100324, 23.683229271551948]]]}, "properties": {"hex": "874ba35acffffff", "count": 4}}, {"type": "Feature", "geometry": {"type": "Polygon", "coordinates": [[[121.67103786150531, 25.158536010196105], [121.67349055209945, 25.147226100864568], [121.68602495817427, 25.14448816168516], [121.6961079994353, 25.153061319231618], [121.69365517274036, 25.164371928660508], [121.68111944069464, 25.167108680621162], [121.67103786150531, 25.158536010196105]]]}, "properties": {"hex": "874ba56d2ffffff", "count": 4}}, {"type": "Feature", "geometry": {"type": "Polygon", "coordinates": [[[121.71490684177155, 24.900674731592694], [121.71735868027892, 24.889320813142145], [121.729892817284, 24.886553574984184], [121.73997643877611, 24.895141447037616], [121.7375244657854, 24.906496075482856], [121.72498900559535, 24.90926212205474], [121.71490684177155, 24.900674731592694]]]}, "properties": {"hex": "874ba1ca1ffffff", "count": 4}}, {"type": "Feature", "geometry": {"type": "Polygon", "coordinates": [[[121.71435875178686, 24.79260123142868], [121.71681014117446, 24.781230346358388], [121.72934193101744, 24.778452689794655], [121.73942365400598, 24.78704711278956], [121.73697213016521, 24.798418712736858], [121.72443901759857, 24.80119517498655], [121.71435875178686, 24.79260123142868]]]}, "properties": {"hex": "874ba1c9effffff", "count": 4}}, {"type": "Feature", "geometry": {"type": "Polygon", "coordinates": [[[121.77485965787464, 24.844153339361085], [121.77731155380619, 24.832786205398687], [121.78985156998534, 24.830007675138276], [121.79994101073598, 24.838597468955648], [121.79748898239795, 24.84996531310827], [121.78494764552477, 24.852742653428166], [121.77485965787464, 24.844153339361085]]]}, "properties": {"hex": "874ba1c88ffffff", "count": 4}}, {"type": "Feature", "geometry": {"type": "Polygon", "coordinates": [[[121.48423474745236, 23.810069263841946], [121.48668094194234, 23.798563678344077], [121.49916480098975, 23.795712999139287], [121.50920379219353, 23.804369134819588], [121.50675745587633, 23.815875489022627], [121.49427226999474, 23.818724939008558], [121.48423474745236, 23.810069263841946]]]}, "properties": {"hex": "874ba3528ffffff", "count": 4}}, {"type": "Feature", "geometry": {"type": "Polygon", "coordinates": [[[121.44853283130975, 24.20033495076267], [121.45098042879776, 24.18889141108957], [121.46346813327254, 24.18608191290328], [121.47350956992969, 24.194717176778656], [121.4710618292206, 24.206161468725437], [121.45857279488756, 24.208969744693217], [121.44853283130975, 24.20033495076267]]]}, "properties": {"hex": "874ba3d61ffffff", "count": 4}}, {"type": "Feature", "geometry": {"type": "Polygon", "coordinates": [[[121.56564961351312, 25.14919892140533], [121.56810173370305, 25.1378951390252], [121.5806234121716, 25.135166575866588], [121.59069430008586, 25.143742988049247], [121.5882420402024, 25.155047474970207], [121.5757190319085, 25.157774845342622], [121.56564961351312, 25.14919892140533]]]}, "properties": {"hex": "874ba569cffffff", "count": 4}}, {"type": "Feature", "geometry": {"type": "Polygon", "coordinates": [[[121.44417136641727, 24.884578090168944], [121.44662175566607, 24.87324125115875], [121.45912329935925, 24.870498716296847], [121.46917578669203, 24.879094226370785], [121.46672525374494, 24.890431786571668], [121.45422237697478, 24.893173115681044], [121.44417136641727, 24.884578090168944]]]}, "properties": {"hex": "874ba0ac2ffffff", "count": 4}}, {"type": "Feature", "geometry": {"type": "Polygon", "coordinates": [[[120.93741760352897, 23.540526660750242], [120.93985959394621, 23.52902108593918], [120.95227140976976, 23.526195778110935], [120.96224257998847, 23.534877308784953], [120.95980042952316, 23.546383686943205], [120.9473872687039, 23.549207731243712], [120.93741760352897, 23.540526660750242]]]}, "properties": {"hex": "874ba276effffff", "count": 4}}, {"type": "Feature", "geometry": {"type": "Polygon", "coordinates": [[[120.59537050838911, 23.59607590035351], [120.59781054637034, 23.584604469964507], [120.6101808951929, 23.581816718224314], [120.62011256269304, 23.59050167693394], [120.6176723533066, 23.601973921607442], [120.60530064764457, 23.604760393448387], [120.59537050838911, 23.59607590035351]]]}, "properties": {"hex": "874ba219bffffff", "count": 4}}, {"type": "Feature", "geometry": {"type": "Polygon", "coordinates": [[[121.45937345122394, 24.924432678853865], [121.46182408600265, 24.913101013251875], [121.47432829566306, 24.910360889002078], [121.48438320305931, 24.918953634493455], [121.48193242507912, 24.930286018888257], [121.46942688271544, 24.93302493917226], [121.45937345122394, 24.924432678853865]]]}, "properties": {"hex": "874ba0ac5ffffff", "count": 4}}, {"type": "Feature", "geometry": {"type": "Polygon", "coordinates": [[[120.98745940360695, 22.968657053381595], [120.98989938853973, 22.957063322042362], [121.00230562982198, 22.954177679708867], [121.01227322671633, 22.96288704174778], [121.00983308370124, 22.97448160127305], [120.99742550169086, 22.977365970733956], [120.98745940360695, 22.968657053381595]]]}, "properties": {"hex": "874b84c10ffffff", "count": 4}}, {"type": "Feature", "geometry": {"type": "Polygon", "coordinates": [[[121.46855448633063, 23.660274792166952], [121.47099998959425, 23.648747784027478], [121.48347886598333, 23.64588411751436], [121.4935135656645, 23.654548692612632], [121.49106792011371, 23.666076476965557], [121.47858771698134, 23.668938910174266], [121.46855448633063, 23.660274792166952]]]}, "properties": {"hex": "874ba3436ffffff", "count": 4}}, {"type": "Feature", "geometry": {"type": "Polygon", "coordinates": [[[121.59323355490127, 24.635283058583195], [121.59568369065103, 24.623896298794914], [121.60819780054669, 24.62111510311485], [121.61826310101044, 24.62972187178318], [121.61581282674766, 24.641109358303957], [121.60329739034472, 24.6438893495968], [121.59323355490127, 24.635283058583195]]]}, "properties": {"hex": "874ba02e5ffffff", "count": 4}}, {"type": "Feature", "geometry": {"type": "Polygon", "coordinates": [[[120.92629211032505, 22.529869914586165], [120.92872996436577, 22.518217385189555], [120.94111972895172, 22.515294843568796], [120.95107298021505, 22.524026116050347], [120.9486349662894, 22.535679496836366], [120.93624386080302, 22.538600753908987], [120.92629211032505, 22.529869914586165]]]}, "properties": {"hex": "874b86966ffffff", "count": 4}}, {"type": "Feature", "geometry": {"type": "Polygon", "coordinates": [[[120.59486285879503, 23.432216782440783], [120.59730222849558, 23.420720968478797], [120.60966914230633, 23.417917149516303], [120.61959804235302, 23.426610428235875], [120.6171585013238, 23.438107064324576], [120.60479023139598, 23.440909599727604], [120.59486285879503, 23.432216782440783]]]}, "properties": {"hex": "874ba2444ffffff", "count": 4}}, {"type": "Feature", "geometry": {"type": "Polygon", "coordinates": [[[121.27840101298577, 24.715651102980733], [121.28084980193428, 24.704299882363102], [121.29332778955492, 24.70155689630106], [121.30335832633418, 24.710166349457218], [121.3009093881602, 24.721518305361137], [121.2884300622453, 24.724260072994003], [121.27840101298577, 24.715651102980733]]]}, "properties": {"hex": "874ba004effffff", "count": 4}}, {"type": "Feature", "geometry": {"type": "Polygon", "coordinates": [[[121.13524449355984, 24.498240983434574], [121.1376915731554, 24.48686645582222], [121.1501475792421, 24.484115988468346], [121.16015784794571, 24.492741280004214], [121.157710614415, 24.50411655844873], [121.14525326593002, 24.50686579469478], [121.13524449355984, 24.498240983434574]]]}, "properties": {"hex": "874ba0721ffffff", "count": 4}}, {"type": "Feature", "geometry": {"type": "Polygon", "coordinates": [[[121.48473890064815, 23.919346293936098], [121.48718554254147, 23.907857222412094], [121.49967173181449, 23.905017059892987], [121.50971260630459, 23.913667195832122], [121.5072658225496, 23.925157031036914], [121.49477830597827, 23.927995966790682], [121.48473890064815, 23.919346293936098]]]}, "properties": {"hex": "874ba3cc4ffffff", "count": 4}}, {"type": "Feature", "geometry": {"type": "Polygon", "coordinates": [[[121.6231635459886, 24.606941034567665], [121.62561371668744, 24.595547684792933], [121.63813078940996, 24.59276085385538], [121.64819901652177, 24.6013685764122], [121.64574870834242, 24.612762653026277], [121.6332303103421, 24.615548280417144], [121.6231635459886, 24.606941034567665]]]}, "properties": {"hex": "874ba02eeffffff", "count": 4}}, {"type": "Feature", "geometry": {"type": "Polygon", "coordinates": [[[121.37630046683613, 24.81305058993404], [121.37875019605146, 24.801707458109384], [121.39124206647709, 24.798964521115963], [121.40128554271364, 24.80756592712803], [121.39883566753429, 24.818909786013844], [121.38634246189442, 24.821651511998834], [121.37630046683613, 24.81305058993404]]]}, "properties": {"hex": "874ba0320ffffff", "count": 4}}, {"type": "Feature", "geometry": {"type": "Polygon", "coordinates": [[[120.72284878826406, 23.938190156014688], [120.72529105196784, 23.926760576872187], [120.73768444531437, 23.9239944690109], [120.7476369288832, 23.932659206004104], [120.7451944977913, 23.944089578187057], [120.73279975033664, 23.94685442050059], [120.72284878826406, 23.938190156014688]]]}, "properties": {"hex": "874ba28c8ffffff", "count": 4}}, {"type": "Feature", "geometry": {"type": "Polygon", "coordinates": [[[120.81997463316846, 24.036225287165617], [120.82241791466171, 24.024803281659672], [120.83482544201419, 24.022037605378504], [120.84479103894274, 24.030695193064062], [120.84234759322844, 24.042117983206325], [120.82993871462372, 24.044882401192048], [120.81997463316846, 24.036225287165617]]]}, "properties": {"hex": "874ba2ba1ffffff", "count": 4}}, {"type": "Feature", "geometry": {"type": "Polygon", "coordinates": [[[120.91877942763051, 22.50948548022437], [120.92121715410715, 22.497830601139178], [120.9336055776247, 22.49490677419459], [120.94355761555168, 22.50363911181645], [120.94111972895172, 22.515294843568796], [120.92872996436577, 22.518217385189555], [120.91877942763051, 22.50948548022437]]]}, "properties": {"hex": "874b86975ffffff", "count": 4}}, {"type": "Feature", "geometry": {"type": "Polygon", "coordinates": [[[120.72266762130002, 23.883793177754875], [120.72510966183032, 23.87235537263205], [120.7375019058733, 23.86958393163282], [120.74745346307212, 23.878251562744968], [120.74501125517813, 23.889690163493796], [120.73261765726696, 23.892460337668407], [120.72266762130002, 23.883793177754875]]]}, "properties": {"hex": "874ba2166ffffff", "count": 4}}, {"type": "Feature", "geometry": {"type": "Polygon", "coordinates": [[[121.51210467047008, 24.956057802495682], [121.5145557130415, 24.944727292390002], [121.52706690735688, 24.941985130055798], [121.53712838983262, 24.950574678487257], [121.53467720583643, 24.96190590392612], [121.52216468060016, 24.96464686577415], [121.51210467047008, 24.956057802495682]]]}, "properties": {"hex": "874ba0ae9ffffff", "count": 4}}, {"type": "Feature", "geometry": {"type": "Polygon", "coordinates": [[[121.4895376419586, 24.950207171536242], [121.49198854234078, 24.93887737789503], [121.50449691211699, 24.936136837345607], [121.5145557130415, 24.944727292390002], [121.51210467047008, 24.956057802495682], [121.49959496897445, 24.958797141266153], [121.4895376419586, 24.950207171536242]]]}, "properties": {"hex": "874ba0ae8ffffff", "count": 4}}, {"type": "Feature", "geometry": {"type": "Polygon", "coordinates": [[[120.564423321241, 23.187130873643163], [120.56686149686739, 23.175601157091545], [120.5792195544116, 23.172776102702567], [120.58914079217546, 23.18148205542903], [120.58670244435862, 23.19301260703154], [120.57434303078823, 23.195836371015712], [120.564423321241, 23.187130873643163]]]}, "properties": {"hex": "874bb1b29ffffff", "count": 4}}, {"type": "Feature", "geometry": {"type": "Polygon", "coordinates": [[[121.07586192435842, 24.608726284974896], [121.07830911231761, 24.597373329227313], [121.09076016798863, 24.59463939513027], [121.10076538050164, 24.60325964832147], [121.09831803655645, 24.614613352050668], [121.08586563589878, 24.61734605477677], [121.07586192435842, 24.608726284974896]]]}, "properties": {"hex": "874ba00adffffff", "count": 4}}, {"type": "Feature", "geometry": {"type": "Polygon", "coordinates": [[[121.39932469600694, 24.92677943583302], [121.4017750200022, 24.915452519350207], [121.41427206293797, 24.912718450738787], [121.42432011658438, 24.921312505727652], [121.42186964734928, 24.932640143193904], [121.40937126951935, 24.93537300486092], [121.39932469600694, 24.92677943583302]]]}, "properties": {"hex": "874ba0af5ffffff", "count": 4}}, {"type": "Feature", "geometry": {"type": "Polygon", "coordinates": [[[121.43558025428297, 24.64854625159755], [121.4380296232832, 24.63717303195211], [121.45052516326697, 24.63440833400102], [121.46057266639124, 24.64301806798022], [121.45812315351561, 24.654392019914415], [121.4456262812029, 24.65715550575268], [121.43558025428297, 24.64854625159755]]]}, "properties": {"hex": "874ba0232ffffff", "count": 4}}, {"type": "Feature", "geometry": {"type": "Polygon", "coordinates": [[[120.77412981275819, 23.697767020144386], [120.77657142449593, 23.686297281955834], [120.7889662407687, 23.683502714586705], [120.79892079640746, 23.69217915401838], [120.79647901911369, 23.703649694630055], [120.78408285155497, 23.70644299355021], [120.77412981275819, 23.697767020144386]]]}, "properties": {"hex": "874ba2008ffffff", "count": 3}}, {"type": "Feature", "geometry": {"type": "Polygon", "coordinates": [[[121.49081533539493, 23.611287603200015], [121.49326075740828, 23.59975161376799], [121.50574128451316, 23.59688112091274], [121.515777715137, 23.605547850849433], [121.51333215161243, 23.61708461782439], [121.5008502987876, 23.619953877487095], [121.49081533539493, 23.611287603200015]]]}, "properties": {"hex": "874ba3416ffffff", "count": 3}}, {"type": "Feature", "geometry": {"type": "Polygon", "coordinates": [[[120.99363962800494, 24.605124378310144], [120.9960863122451, 24.593776971693224], [121.0085271911019, 24.591050593880045], [121.01852273337714, 24.599672858469447], [121.01607589039817, 24.611021016366717], [121.00363366369797, 24.613746158563433], [120.99363962800494, 24.605124378310144]]]}, "properties": {"hex": "874ba00a4ffffff", "count": 3}}, {"type": "Feature", "geometry": {"type": "Polygon", "coordinates": [[[121.48928465693855, 24.89628296896244], [121.49173533282107, 24.884944688703555], [121.50424253324265, 24.88219891954601], [121.51430038907901, 24.890792633988532], [121.51184957102453, 24.902131633172136], [121.49934103911674, 24.904876199161947], [121.48928465693855, 24.89628296896244]]]}, "properties": {"hex": "874ba0aceffffff", "count": 3}}, {"type": "Feature", "geometry": {"type": "Polygon", "coordinates": [[[120.69621958438428, 22.617082352268206], [120.69865633560907, 22.60545974812243], [120.71101930194665, 22.602566772912077], [120.72094686596657, 22.611297697031016], [120.7185099472066, 22.622921158061356], [120.70614563178121, 22.625812838244673], [120.69621958438428, 22.617082352268206]]]}, "properties": {"hex": "874bb12a5ffffff", "count": 3}}, {"type": "Feature", "geometry": {"type": "Polygon", "coordinates": [[[121.53636809009335, 23.732430447407534], [121.53881424155358, 23.720909337098064], [121.55130272016784, 23.718046230926255], [121.56134637172767, 23.726705463429308], [121.55890008024215, 23.738227343861293], [121.54641027703394, 23.741089221835995], [121.53636809009335, 23.732430447407534]]]}, "properties": {"hex": "874ba3425ffffff", "count": 3}}, {"type": "Feature", "geometry": {"type": "Polygon", "coordinates": [[[120.73622506814013, 23.48771244706216], [120.73866558484707, 23.476214155078292], [120.75105134585849, 23.473402550660605], [120.7609979416063, 23.48209051345853], [120.75855725820443, 23.49358961932128], [120.74617014556792, 23.496399948669062], [120.73622506814013, 23.48771244706216]]]}, "properties": {"hex": "874ba2722ffffff", "count": 3}}, {"type": "Feature", "geometry": {"type": "Polygon", "coordinates": [[[121.58771745697825, 25.047393810348108], [121.5901692674833, 25.036072266979033], [121.60269141836538, 25.03333164273908], [121.61276308710733, 25.04191375635435], [121.61031113770886, 25.05323600802063], [121.59778765827207, 25.05597543794908], [121.58771745697825, 25.047393810348108]]]}, "properties": {"hex": "874ba0a49ffffff", "count": 3}}, {"type": "Feature", "geometry": {"type": "Polygon", "coordinates": [[[121.75986922716613, 24.858292877996515], [121.76232110925882, 24.846929046909654], [121.77485965787464, 24.844153339361085], [121.78494764552477, 24.852742653428166], [121.78249563050606, 24.864107194658068], [121.76995576057236, 24.866881711852695], [121.75986922716613, 24.858292877996515]]]}, "properties": {"hex": "874ba1c8cffffff", "count": 3}}, {"type": "Feature", "geometry": {"type": "Polygon", "coordinates": [[[121.01607589039817, 24.611021016366717], [121.01852273337714, 24.599672858469447], [121.030966496837, 24.596944901713755], [121.04096476422133, 24.605566337359882], [121.03851776325143, 24.61691524540983], [121.02607265270315, 24.61964196783034], [121.01607589039817, 24.611021016366717]]]}, "properties": {"hex": "874ba00a5ffffff", "count": 3}}, {"type": "Feature", "geometry": {"type": "Polygon", "coordinates": [[[120.70299292862344, 22.41633187488989], [120.70542892130256, 22.40468005503475], [120.71778866221564, 22.401766923271484], [120.72771375824162, 22.410506909962916], [120.72527759836045, 22.422159595972047], [120.71291650947484, 22.42507142929105], [120.70299292862344, 22.41633187488989]]]}, "properties": {"hex": "874bb164cffffff", "count": 3}}, {"type": "Feature", "geometry": {"type": "Polygon", "coordinates": [[[120.72527759836045, 22.422159595972047], [120.72771375824162, 22.410506909962916], [120.74007639877384, 22.407592309658607], [120.75000422649445, 22.41633169268056], [120.74756790014196, 22.42798524363254], [120.73520391235947, 22.430898546775207], [120.72527759836045, 22.422159595972047]]]}, "properties": {"hex": "874bb164dffffff", "count": 3}}, {"type": "Feature", "geometry": {"type": "Polygon", "coordinates": [[[120.54214987831715, 23.181246988215985], [120.54458788102477, 23.16971810788703], [120.55694301202108, 23.166894546405917], [120.56686149686739, 23.175601157091545], [120.564423321241, 23.187130873643163], [120.55206683350711, 23.189953143445322], [120.54214987831715, 23.181246988215985]]]}, "properties": {"hex": "874bb1b28ffffff", "count": 3}}, {"type": "Feature", "geometry": {"type": "Polygon", "coordinates": [[[121.16661074006059, 24.84811169389608], [121.16905944407232, 24.836789475270578], [121.18152662799477, 24.834070259123603], [121.19154645059203, 24.842674482484874], [121.1890975935191, 24.853997434554127], [121.17662906672368, 24.856715429989688], [121.16661074006059, 24.84811169389608]]]}, "properties": {"hex": "874ba016affffff", "count": 3}}, {"type": "Feature", "geometry": {"type": "Polygon", "coordinates": [[[121.29403167257004, 24.863462580674845], [121.2964811591651, 24.852133399000422], [121.30896415298403, 24.849403351085623], [121.31899899842242, 24.858003698905865], [121.31654936305559, 24.869333608478293], [121.30406503083475, 24.872062442504635], [121.29403167257004, 24.863462580674845]]]}, "properties": {"hex": "874ba0a80ffffff", "count": 3}}, {"type": "Feature", "geometry": {"type": "Polygon", "coordinates": [[[120.89503324803837, 24.182575948406555], [120.8974775955026, 24.17117065678251], [120.90989747370425, 24.16841221673429], [120.91987435359918, 24.1770603194706], [120.91742984433121, 24.18846638593401], [120.90500861678842, 24.19122357498829], [120.89503324803837, 24.182575948406555]]]}, "properties": {"hex": "874ba2b2cffffff", "count": 3}}, {"type": "Feature", "geometry": {"type": "Polygon", "coordinates": [[[121.01673711644418, 22.829408744375122], [121.01917671818936, 22.817792567146643], [121.03158371378419, 22.814890714859928], [121.04155244655153, 22.82360631403778], [121.03911268777046, 22.83522332477179], [121.02670435307456, 22.838123902982396], [121.01673711644418, 22.829408744375122]]]}, "properties": {"hex": "874b84c99ffffff", "count": 3}}, {"type": "Feature", "geometry": {"type": "Polygon", "coordinates": [[[121.5268104135585, 24.88804524540747], [121.52926125113612, 24.87670293979066], [121.54177276671902, 24.873952728797065], [121.55183477461213, 24.88254602506682], [121.54938379614225, 24.893889048537424], [121.53687095048234, 24.896638058058105], [121.5268104135585, 24.88804524540747]]]}, "properties": {"hex": "874ba0acbffffff", "count": 3}}, {"type": "Feature", "geometry": {"type": "Polygon", "coordinates": [[[120.69639792244338, 22.672282704867868], [120.69883489588311, 22.660668022652995], [120.71119900613847, 22.657780409498336], [120.72112749209995, 22.666508772672], [120.71869035110055, 22.678124309137115], [120.70632489151863, 22.681010628335173], [120.69639792244338, 22.672282704867868]]]}, "properties": {"hex": "874bb1232ffffff", "count": 3}}, {"type": "Feature", "geometry": {"type": "Polygon", "coordinates": [[[120.85681416011425, 23.919140920568854], [120.85925719376212, 23.907698358941957], [120.87166686509842, 23.904917698130678], [120.88163485206773, 23.91358085826253], [120.87919165548708, 23.925024208609692], [120.86678063468682, 23.92780361026972], [120.85681416011425, 23.919140920568854]]]}, "properties": {"hex": "874ba2b9bffffff", "count": 3}}, {"type": "Feature", "geometry": {"type": "Polygon", "coordinates": [[[120.85064319684304, 24.27923693212991], [120.85308766551252, 24.267849799262333], [120.86550405636515, 24.265105089044148], [120.87547732966846, 24.273748762775863], [120.87303269766448, 24.285136667648775], [120.8606149555083, 24.28788012695139], [120.85064319684304, 24.27923693212991]]]}, "properties": {"hex": "874ba04f4ffffff", "count": 3}}, {"type": "Feature", "geometry": {"type": "Polygon", "coordinates": [[[120.58771308457084, 23.521323484606192], [120.59015276820718, 23.50984147575052], [120.60252061505709, 23.507047087634508], [120.61245013484704, 23.51573599049582], [120.61001027959591, 23.527218817505364], [120.59764107598906, 23.530011923660833], [120.58771308457084, 23.521323484606192]]]}, "properties": {"hex": "874ba2549ffffff", "count": 3}}, {"type": "Feature", "geometry": {"type": "Polygon", "coordinates": [[[121.22997114858784, 23.88970180730989], [121.2324162788264, 23.8782269697761], [121.24487113481688, 23.87540809129166], [121.25488219670154, 23.884065291144335], [121.25243691602039, 23.89554090399619], [121.23998072371121, 23.898358541844452], [121.22997114858784, 23.88970180730989]]]}, "properties": {"hex": "874ba236dffffff", "count": 3}}, {"type": "Feature", "geometry": {"type": "Polygon", "coordinates": [[[120.97793315720413, 24.402922413669984], [120.98037891448354, 24.391544819281616], [120.9928136261224, 24.388800092488562], [121.0028039277698, 24.397434201689872], [121.00035801133434, 24.40881255739877], [120.98792195222303, 24.411556042753986], [120.97793315720413, 24.402922413669984]]]}, "properties": {"hex": "874ba0440ffffff", "count": 3}}, {"type": "Feature", "geometry": {"type": "Polygon", "coordinates": [[[121.4758908946294, 23.625688037477108], [121.47833629638458, 23.614155300111285], [121.49081533539493, 23.611287603200015], [121.5008502987876, 23.619953877487095], [121.49840475500963, 23.63148739235085], [121.48592438967425, 23.634353855596967], [121.4758908946294, 23.625688037477108]]]}, "properties": {"hex": "874ba3589ffffff", "count": 3}}, {"type": "Feature", "geometry": {"type": "Polygon", "coordinates": [[[121.54447927091229, 23.861992953017875], [121.54692599106585, 23.850490823835756], [121.55941812647085, 23.847639452773137], [121.56946486640201, 23.85629143599444], [121.56701800643799, 23.8677943290477], [121.55452454616493, 23.870644475177514], [121.54447927091229, 23.861992953017875]]]}, "properties": {"hex": "874ba3cd9ffffff", "count": 3}}, {"type": "Feature", "geometry": {"type": "Polygon", "coordinates": [[[121.58797972435826, 25.101239359110192], [121.59043175953197, 25.089926338551685], [121.60295508235838, 25.087190928427596], [121.6130276986083, 25.09576973194315], [121.61057552452485, 25.1070834583569], [121.59805087291137, 25.109817675574728], [121.58797972435826, 25.101239359110192]]]}, "properties": {"hex": "874ba1d34ffffff", "count": 3}}, {"type": "Feature", "geometry": {"type": "Polygon", "coordinates": [[[121.50551489751668, 25.151515654729756], [121.50796671633543, 25.140216600571243], [121.52048126013527, 25.13749412906347], [121.53054531696951, 25.146071907647027], [121.52809335640829, 25.157371668526576], [121.51557748056602, 25.160092944276148], [121.50551489751668, 25.151515654729756]]]}, "properties": {"hex": "874ba5694ffffff", "count": 3}}, {"type": "Feature", "geometry": {"type": "Polygon", "coordinates": [[[120.82795030753928, 22.042447437878426], [120.83038560971654, 22.030733335667694], [120.84275334772332, 22.027772610562668], [120.85268712548815, 22.03652728628617], [120.85025166042936, 22.048242267083896], [120.83788258030609, 22.051201693724956], [120.82795030753928, 22.042447437878426]]]}, "properties": {"hex": "874b86c43ffffff", "count": 3}}, {"type": "Feature", "geometry": {"type": "Polygon", "coordinates": [[[121.73697213016521, 24.798418712736858], [121.73942365400598, 24.78704711278956], [121.75195823749003, 24.78426782885784], [121.76204261884935, 24.792861338061638], [121.75959096132596, 24.804233651737906], [121.74705505593523, 24.80701174265588], [121.73697213016521, 24.798418712736858]]]}, "properties": {"hex": "874ba1c98ffffff", "count": 3}}, {"type": "Feature", "geometry": {"type": "Polygon", "coordinates": [[[121.04501324806719, 24.366420298885465], [121.0474592567713, 24.355032073551552], [121.05990145589894, 24.352277345898546], [121.06989899110822, 24.360912082671575], [121.06745282551154, 24.37230106844663], [121.0550092814132, 24.375054557175893], [121.04501324806719, 24.366420298885465]]]}, "properties": {"hex": "874ba07a4ffffff", "count": 3}}, {"type": "Feature", "geometry": {"type": "Polygon", "coordinates": [[[120.69907692167313, 23.49613457868236], [120.70151723320132, 23.48464035484853], [120.71389852763005, 23.481833056990002], [120.72384086326477, 23.490521259924463], [120.72140038380897, 23.502016298712586], [120.70901773646456, 23.5048223197736], [120.69907692167313, 23.49613457868236]]]}, "properties": {"hex": "874ba209bffffff", "count": 3}}, {"type": "Feature", "geometry": {"type": "Polygon", "coordinates": [[[121.56805754949514, 24.08614027224978], [121.57050530478632, 24.07467052668069], [121.58300491623591, 24.071838567876195], [121.59305809719999, 24.080477573482213], [121.59061020279452, 24.09194807174167], [121.57810926635057, 24.094778811875], [121.56805754949514, 24.08614027224978]]]}, "properties": {"hex": "874ba3c6effffff", "count": 3}}, {"type": "Feature", "geometry": {"type": "Polygon", "coordinates": [[[121.48347886598333, 23.64588411751436], [121.48592438967425, 23.634353855596967], [121.49840475500963, 23.63148739235085], [121.50844092260493, 23.64015242402376], [121.50599525713837, 23.651683462200637], [121.4935135656645, 23.654548692612632], [121.48347886598333, 23.64588411751436]]]}, "properties": {"hex": "874ba3432ffffff", "count": 3}}, {"type": "Feature", "geometry": {"type": "Polygon", "coordinates": [[[121.36244174566694, 23.377245238328587], [121.36488553255622, 23.365683755445545], [121.37734581511819, 23.36280273576209], [121.38736363992935, 23.371484443989583], [121.38491970730642, 23.383046720488156], [121.37245809541952, 23.385926495309068], [121.36244174566694, 23.377245238328587]]]}, "properties": {"hex": "874b84876ffffff", "count": 3}}, {"type": "Feature", "geometry": {"type": "Polygon", "coordinates": [[[120.78164111019159, 23.717910271574244], [120.78408285155497, 23.70644299355021], [120.79647901911369, 23.703649694630055], [120.80643479624831, 23.712324941506008], [120.80399288956677, 23.723793020703912], [120.79159537088643, 23.72658505201541], [120.78164111019159, 23.717910271574244]]]}, "properties": {"hex": "874ba200dffffff", "count": 3}}, {"type": "Feature", "geometry": {"type": "Polygon", "coordinates": [[[120.88868339783454, 24.48752817514375], [120.89112895845437, 24.47617033747458], [120.90355441393675, 24.473442476830265], [120.91353565955795, 24.482073697884605], [120.91108993675698, 24.493432296322506], [120.89866313033203, 24.496158913105326], [120.88868339783454, 24.48752817514375]]]}, "properties": {"hex": "874ba0543ffffff", "count": 3}}, {"type": "Feature", "geometry": {"type": "Polygon", "coordinates": [[[121.39958280079578, 23.313644624044294], [121.40202653246206, 23.30207097634952], [121.41448997506758, 23.29918034328161], [121.42451101353156, 23.30786460229991], [121.42206713741366, 23.319439044998973], [121.40960236709671, 23.322328433840685], [121.39958280079578, 23.313644624044294]]]}, "properties": {"hex": "874b84852ffffff", "count": 3}}, {"type": "Feature", "geometry": {"type": "Polygon", "coordinates": [[[121.3238852380687, 23.110895065397354], [121.32632773907052, 23.09929710117865], [121.33877789450725, 23.09639398121233], [121.34878687829179, 23.105090077955136], [121.34634423038743, 23.116688849703596], [121.33389274541508, 23.119590717343122], [121.3238852380687, 23.110895065397354]]]}, "properties": {"hex": "874b84104ffffff", "count": 3}}, {"type": "Feature", "geometry": {"type": "Polygon", "coordinates": [[[120.54297135763184, 23.454900795567422], [120.54541047316201, 23.443412308978544], [120.5577713196875, 23.440615574613762], [120.5676944084455, 23.449308612722856], [120.5652551198666, 23.46079792240207], [120.55289291539823, 23.46359337104224], [120.54297135763184, 23.454900795567422]]]}, "properties": {"hex": "874ba255bffffff", "count": 3}}, {"type": "Feature", "geometry": {"type": "Polygon", "coordinates": [[[120.91782860047411, 24.29692910164566], [120.92027355691982, 24.285539656173242], [120.93269863752276, 24.28279027059092], [120.94268011056907, 24.29143157772473], [120.94023499301755, 24.30282179178997], [120.9278085633416, 24.305569930295814], [120.91782860047411, 24.29692910164566]]]}, "properties": {"hex": "874ba04e3ffffff", "count": 3}}, {"type": "Feature", "geometry": {"type": "Polygon", "coordinates": [[[121.65524637447514, 25.01102407526071], [121.65769837468056, 24.99969189115538], [121.67022778170004, 24.996941158967527], [121.68030651421925, 25.005523802881942], [121.6778543774414, 25.01685669432841], [121.66532364452648, 25.019606234694198], [121.65524637447514, 25.01102407526071]]]}, "properties": {"hex": "874ba1dadffffff", "count": 3}}, {"type": "Feature", "geometry": {"type": "Polygon", "coordinates": [[[120.78388245389887, 24.369813677732274], [120.78632687517992, 24.358445505114002], [120.79873685612925, 24.3557160876148], [120.80870376961113, 24.36435609497538], [120.80625918272563, 24.3757250378826], [120.79384784777979, 24.378453203307075], [120.78388245389887, 24.369813677732274]]]}, "properties": {"hex": "874ba0431ffffff", "count": 3}}, {"type": "Feature", "geometry": {"type": "Polygon", "coordinates": [[[121.55621820583652, 24.751808026540793], [121.55866863253537, 24.740442177701638], [121.57118078541602, 24.737675870624884], [121.58124383979678, 24.74627661596087], [121.57879327327049, 24.75764318769568], [121.56627979200157, 24.760408291372073], [121.55621820583652, 24.751808026540793]]]}, "properties": {"hex": "874ba035effffff", "count": 3}}, {"type": "Feature", "geometry": {"type": "Polygon", "coordinates": [[[121.72308678930793, 25.028514240859668], [121.72553919692096, 25.017179938136234], [121.73807700561163, 25.01442430032342], [121.74816372994945, 25.02300415333977], [121.74571118807499, 25.034339159997845], [121.73317205593332, 25.037093609880273], [121.72308678930793, 25.028514240859668]]]}, "properties": {"hex": "874ba1c26ffffff", "count": 3}}, {"type": "Feature", "geometry": {"type": "Polygon", "coordinates": [[[121.33692423453279, 24.3884527096165], [121.33937200022268, 24.377046316293736], [121.35185020310297, 24.37426578102429], [121.36188197483214, 24.382892862744946], [121.35943406205553, 24.394300004126467], [121.34695452444922, 24.397079315898832], [121.33692423453279, 24.3884527096165]]]}, "properties": {"hex": "874ba0670ffffff", "count": 3}}, {"type": "Feature", "geometry": {"type": "Polygon", "coordinates": [[[121.10197664045954, 23.656351177168542], [121.10442008498914, 23.644850645344818], [121.11685450883033, 23.64202115370626], [121.12684682775064, 23.650693446524244], [121.12440322860422, 23.662194769655848], [121.11196746496955, 23.66502300882674], [121.10197664045954, 23.656351177168542]]]}, "properties": {"hex": "874ba2215ffffff", "count": 3}}, {"type": "Feature", "geometry": {"type": "Polygon", "coordinates": [[[120.63997987504112, 23.60786972765155], [120.64242025510114, 23.596396669849838], [120.65479644946785, 23.59360588955509], [120.66473361899618, 23.602289444573934], [120.66229306899487, 23.613763314346837], [120.64991551922537, 23.616552817291605], [120.63997987504112, 23.60786972765155]]]}, "properties": {"hex": "874ba20a0ffffff", "count": 3}}, {"type": "Feature", "geometry": {"type": "Polygon", "coordinates": [[[121.52048126013527, 25.13749412906347], [121.52293309863846, 25.12619175913614], [121.53544913539163, 25.123466460829647], [121.5455146648834, 25.13204472799574], [121.54306268515381, 25.143347804711137], [121.53054531696951, 25.146071907647027], [121.52048126013527, 25.13749412906347]]]}, "properties": {"hex": "874ba5690ffffff", "count": 3}}, {"type": "Feature", "geometry": {"type": "Polygon", "coordinates": [[[121.22605526887263, 24.73794682380528], [121.22850385614143, 24.726602943119527], [121.24097595930125, 24.723867190944144], [121.25100081526871, 24.73247654014399], [121.2485520769975, 24.743821157094715], [121.23607863357454, 24.746555688751823], [121.22605526887263, 24.73794682380528]]]}, "properties": {"hex": "874ba0044ffffff", "count": 3}}, {"type": "Feature", "geometry": {"type": "Polygon", "coordinates": [[[121.66341017886738, 25.138652003737803], [121.66586274900234, 25.127339480769397], [121.67839582891222, 25.12460035346897], [121.68847766466158, 25.133174937433417], [121.68602495817427, 25.14448816168516], [121.67349055209945, 25.147226100864568], [121.66341017886738, 25.138652003737803]]]}, "properties": {"hex": "874ba1d21ffffff", "count": 3}}, {"type": "Feature", "geometry": {"type": "Polygon", "coordinates": [[[121.50449691211699, 24.936136837345607], [121.50694783253526, 24.924803735289313], [121.51945769574108, 24.922060371574243], [121.52951796944912, 24.930651311470015], [121.52706690735688, 24.941985130055798], [121.5145557130415, 24.944727292390002], [121.50449691211699, 24.936136837345607]]]}, "properties": {"hex": "874ba0aebffffff", "count": 3}}, {"type": "Feature", "geometry": {"type": "Polygon", "coordinates": [[[120.94111972895172, 22.515294843568796], [120.94355761555168, 22.50363911181645], [120.95594891298299, 22.500713800938378], [120.96590366395945, 22.509445506003914], [120.96346561797395, 22.521102089205957], [120.95107298021505, 22.524026116050347], [120.94111972895172, 22.515294843568796]]]}, "properties": {"hex": "874b86962ffffff", "count": 2}}, {"type": "Feature", "geometry": {"type": "Polygon", "coordinates": [[[121.03158371378419, 22.814890714859928], [121.03402334609295, 22.80327132038263], [121.04643186788672, 22.800366691357674], [121.05640209571078, 22.809082730545562], [121.05396230686782, 22.820702958588384], [121.04155244655153, 22.82360631403778], [121.03158371378419, 22.814890714859928]]]}, "properties": {"hex": "874b84526ffffff", "count": 2}}, {"type": "Feature", "geometry": {"type": "Polygon", "coordinates": [[[121.41596264737737, 23.62847199847919], [121.41840774119294, 23.616944072491048], [121.43087965036116, 23.614082292659262], [121.44090779403207, 23.62274967572144], [121.43846255616734, 23.63427838154374], [121.42598931849375, 23.63713892463671], [121.41596264737737, 23.62847199847919]]]}, "properties": {"hex": "874ba3581ffffff", "count": 2}}, {"type": "Feature", "geometry": {"type": "Polygon", "coordinates": [[[121.2015299658335, 24.244774015637365], [121.20397638544047, 24.233355457442826], [121.21643517364554, 24.23057387223443], [121.22644888097179, 24.23921207925367], [121.22400230978715, 24.250631397447467], [121.21154218266787, 24.253411748791525], [121.2015299658335, 24.244774015637365]]]}, "properties": {"hex": "874ba06aeffffff", "count": 2}}, {"type": "Feature", "geometry": {"type": "Polygon", "coordinates": [[[120.82178292218669, 22.410475753062304], [120.82421965004441, 22.398814078874107], [120.83659406077763, 22.39588953070175], [120.84653308741184, 22.40462794915276], [120.844096196273, 22.416290484778514], [120.83172044159959, 22.4192137406718], [120.82178292218669, 22.410475753062304]]]}, "properties": {"hex": "874b8691cffffff", "count": 2}}, {"type": "Feature", "geometry": {"type": "Polygon", "coordinates": [[[120.71480002072923, 23.754763647304227], [120.71724148474738, 23.74330696361874], [120.72963007727097, 23.74052358172464], [120.73957855914546, 23.749198153875387], [120.73713692757528, 23.76065563961375], [120.72474698150079, 23.763437751311685], [120.71480002072923, 23.754763647304227]]]}, "properties": {"hex": "874ba2021ffffff", "count": 2}}, {"type": "Feature", "geometry": {"type": "Polygon", "coordinates": [[[120.96916600570947, 24.057345104307245], [120.97161029350526, 24.045915131382984], [120.98403672269542, 24.04313735948459], [120.99402021012186, 24.051790810858783], [120.99157576306148, 24.063221561614153], [120.97914798765513, 24.065998083330605], [120.96916600570947, 24.057345104307245]]]}, "properties": {"hex": "874ba2a23ffffff", "count": 2}}, {"type": "Feature", "geometry": {"type": "Polygon", "coordinates": [[[121.57336699519423, 22.030020748735904], [121.5758065118472, 22.018249312752545], [121.58826454099345, 22.015219886533405], [121.59828436916881, 22.023963154973746], [121.59584471451728, 22.035735437415802], [121.58338536950205, 22.0387636051179], [121.57336699519423, 22.030020748735904]]]}, "properties": {"hex": "874b86274ffffff", "count": 2}}, {"type": "Feature", "geometry": {"type": "Polygon", "coordinates": [[[120.79723107820469, 23.92157995906969], [120.79967374816137, 23.91014224983288], [120.81207606970209, 23.90736746866428], [120.82203707261316, 23.916031659037472], [120.81959423774327, 23.927470159207488], [120.80719056469287, 23.930243678235684], [120.79723107820469, 23.92157995906969]]]}, "properties": {"hex": "874ba2b93ffffff", "count": 2}}, {"type": "Feature", "geometry": {"type": "Polygon", "coordinates": [[[120.5496286989195, 23.201479619596704], [120.55206683350711, 23.189953143445322], [120.564423321241, 23.187130873643163], [120.57434303078823, 23.195836371015712], [120.57190472351591, 23.207363682122466], [120.55954687920108, 23.210184661060264], [120.5496286989195, 23.201479619596704]]]}, "properties": {"hex": "874bb1b2dffffff", "count": 2}}, {"type": "Feature", "geometry": {"type": "Polygon", "coordinates": [[[120.78350855318644, 24.26152370150546], [120.78595252740666, 24.25013889146801], [120.79836020398963, 24.24739884297812], [120.8083252596863, 24.256044859440586], [120.80588111990942, 24.26743044488977], [120.79347208980971, 24.270169238631038], [120.78350855318644, 24.26152370150546]]]}, "properties": {"hex": "874ba04aeffffff", "count": 2}}, {"type": "Feature", "geometry": {"type": "Polygon", "coordinates": [[[120.65479644946785, 23.59360588955509], [120.6572368686095, 23.58212957304849], [120.66961462690504, 23.57933599933107], [120.67955332071985, 23.588020019192175], [120.67711273213382, 23.59949714776652], [120.66473361899618, 23.602289444573934], [120.65479644946785, 23.59360588955509]]]}, "properties": {"hex": "874ba20a3ffffff", "count": 2}}, {"type": "Feature", "geometry": {"type": "Polygon", "coordinates": [[[120.77599021486198, 24.24149209939881], [120.77843405924071, 24.230104780034193], [120.79084038214205, 24.22736347592776], [120.80080421416353, 24.2360107469686], [120.79836020398963, 24.24739884297812], [120.78595252740666, 24.25013889146801], [120.77599021486198, 24.24149209939881]]]}, "properties": {"hex": "874ba0485ffffff", "count": 2}}, {"type": "Feature", "geometry": {"type": "Polygon", "coordinates": [[[120.74007639877384, 22.407592309658607], [120.74251259568767, 22.395936424885747], [120.75487678647869, 22.393019057965468], [120.76480612686339, 22.401758872622793], [120.76236976397381, 22.413415622409516], [120.75000422649445, 22.41633169268056], [120.74007639877384, 22.407592309658607]]]}, "properties": {"hex": "874bb1649ffffff", "count": 2}}, {"type": "Feature", "geometry": {"type": "Polygon", "coordinates": [[[120.47583792010275, 23.327855776291177], [120.47827606702532, 23.316353585208823], [120.49062582661269, 23.313550614642516], [120.50053879868321, 23.322251127266963], [120.49810047658131, 23.333754150176244], [120.4857493574087, 23.336555828793394], [120.47583792010275, 23.327855776291177]]]}, "properties": {"hex": "874ba2418ffffff", "count": 2}}, {"type": "Feature", "geometry": {"type": "Polygon", "coordinates": [[[120.85739517394092, 24.08226754784197], [120.85983887766137, 24.070849747110152], [120.87225200663737, 24.068085039164185], [120.8822227818899, 24.07673938741595], [120.87977891516721, 24.08815796916226], [120.86736443601094, 24.0909214218081], [120.85739517394092, 24.08226754784197]]]}, "properties": {"hex": "874ba2b11ffffff", "count": 2}}, {"type": "Feature", "geometry": {"type": "Polygon", "coordinates": [[[120.8107507156716, 23.52552096256868], [120.81319185948543, 23.5140226756231], [120.82558767924264, 23.511207787934296], [120.83554370427112, 23.51989245775254], [120.8331023962095, 23.53139155381887], [120.82070522718483, 23.534205171108756], [120.8107507156716, 23.52552096256868]]]}, "properties": {"hex": "874ba272dffffff", "count": 2}}, {"type": "Feature", "geometry": {"type": "Polygon", "coordinates": [[[120.88730691616101, 24.108227156841533], [120.88975091153844, 24.09681107409335], [120.90216828651526, 24.094046071263467], [120.91214301520196, 24.102698404508136], [120.90969885780368, 24.1141152658888], [120.89728013355604, 24.116879015558432], [120.88730691616101, 24.108227156841533]]]}, "properties": {"hex": "874ba2b03ffffff", "count": 2}}, {"type": "Feature", "geometry": {"type": "Polygon", "coordinates": [[[120.55061875247024, 23.5296939736637], [120.55305822270003, 23.518216039938306], [120.56542157114944, 23.515425951714292], [120.57534680721602, 23.524115081051473], [120.57290716414602, 23.53559383398842], [120.56054245766934, 23.538382638537485], [120.55061875247024, 23.5296939736637]]]}, "properties": {"hex": "874ba254cffffff", "count": 2}}, {"type": "Feature", "geometry": {"type": "Polygon", "coordinates": [[[120.98629938285431, 24.63915490378851], [120.98874616330124, 24.62781334480716], [121.0011868518163, 24.625091017321942], [121.01118210795306, 24.633711484115814], [121.0087351685035, 24.645053793068893], [120.99629313173499, 24.64777488542566], [120.98629938285431, 24.63915490378851]]]}, "properties": {"hex": "874ba0188ffffff", "count": 2}}, {"type": "Feature", "geometry": {"type": "Polygon", "coordinates": [[[120.9905452538531, 23.790913424078663], [120.9929885838547, 23.779441450756217], [121.00541211982048, 23.776635592662267], [121.01539366987937, 23.785302963277026], [121.01295018146769, 23.796775726071964], [121.00052530122315, 23.799580328944803], [120.9905452538531, 23.790913424078663]]]}, "properties": {"hex": "874ba2331ffffff", "count": 2}}, {"type": "Feature", "geometry": {"type": "Polygon", "coordinates": [[[121.37807162943845, 23.527454569731848], [121.3805161091224, 23.515914306343934], [121.3929813730032, 23.51304633037638], [121.403003486438, 23.521719858845753], [121.40055886147489, 23.533260908276215], [121.38809226816937, 23.536127643360974], [121.37807162943845, 23.527454569731848]]]}, "properties": {"hex": "874b84968ffffff", "count": 2}}, {"type": "Feature", "geometry": {"type": "Polygon", "coordinates": [[[121.15638036547111, 24.178729957710974], [121.1588262559224, 24.167304607170735], [121.17127816637581, 24.164520884895456], [121.18128552640734, 24.173163751070195], [121.17883948289497, 24.184589866443762], [121.16638623222653, 24.187372350977412], [121.15638036547111, 24.178729957710974]]]}, "properties": {"hex": "874ba0695ffffff", "count": 2}}, {"type": "Feature", "geometry": {"type": "Polygon", "coordinates": [[[120.84273229057749, 24.150733904810878], [120.84517618312529, 24.139327662886018], [120.85758891644588, 24.1365710745083], [120.86755910802772, 24.14522198263833], [120.86511505195259, 24.156629002921424], [120.85270096763978, 24.15938433688231], [120.84273229057749, 24.150733904810878]]]}, "properties": {"hex": "874ba2b22ffffff", "count": 2}}, {"type": "Feature", "geometry": {"type": "Polygon", "coordinates": [[[121.20909563784511, 24.264827783896408], [121.21154218266787, 24.253411748791525], [121.22400230978715, 24.250631397447467], [121.23401723063344, 24.259268314376914], [121.23157053447731, 24.270685108255975], [121.21910906862215, 24.2734642266003], [121.20909563784511, 24.264827783896408]]]}, "properties": {"hex": "874ba06acffffff", "count": 2}}, {"type": "Feature", "geometry": {"type": "Polygon", "coordinates": [[[121.17348296949838, 22.870064982614608], [121.17592365488822, 22.858442996252027], [121.18835064569843, 22.855530591704806], [121.19833828474331, 22.864241438695995], [121.1958974475264, 22.875864250088636], [121.18346912290708, 22.878775389621307], [121.17348296949838, 22.870064982614608]]]}, "properties": {"hex": "874b84cd9ffffff", "count": 2}}, {"type": "Feature", "geometry": {"type": "Polygon", "coordinates": [[[121.8962914127937, 25.00116960771038], [121.89874453027734, 24.989818560797016], [121.91130211941869, 24.98704341069805], [121.92140790770381, 24.99562048749335], [121.91895466191075, 25.006972232827078], [121.90639575594996, 25.00974620312137], [121.8962914127937, 25.00116960771038]]]}, "properties": {"hex": "874ba1c55ffffff", "count": 2}}, {"type": "Feature", "geometry": {"type": "Polygon", "coordinates": [[[120.75362588103611, 24.23558303198792], [120.75606955888071, 24.224196490402917], [120.7684729708669, 24.2214567358967], [120.77843405924071, 24.230104780034193], [120.77599021486198, 24.24149209939881], [120.763585448461, 24.24423059701226], [120.75362588103611, 24.23558303198792]]]}, "properties": {"hex": "874ba0484ffffff", "count": 2}}, {"type": "Feature", "geometry": {"type": "Polygon", "coordinates": [[[121.0070724210186, 24.212004712457155], [121.00951757006234, 24.200595558074287], [121.0219518850752, 24.19782932641752], [121.03194239645673, 24.20647349389322], [121.0294970893325, 24.217883417393097], [121.0170614287227, 24.220648404467646], [121.0070724210186, 24.212004712457155]]]}, "properties": {"hex": "874ba2b60ffffff", "count": 2}}, {"type": "Feature", "geometry": {"type": "Polygon", "coordinates": [[[121.65122363910338, 24.19824301946042], [121.65367227409038, 24.186784404420585], [121.66618411001764, 24.18395533963282], [121.67624863319794, 24.192586101846018], [121.67379986187332, 24.204045461123602], [121.66128670351652, 24.206873314121516], [121.65122363910338, 24.19824301946042]]]}, "properties": {"hex": "874ba388cffffff", "count": 2}}, {"type": "Feature", "geometry": {"type": "Polygon", "coordinates": [[[121.47865661014261, 24.226237190882713], [121.48110447307697, 24.21479542705844], [121.49359632935747, 24.211985563087115], [121.50364165139479, 24.22061868317099], [121.50119364624747, 24.232061196882338], [121.48870046108769, 24.234869840793095], [121.47865661014261, 24.226237190882713]]]}, "properties": {"hex": "874ba3993ffffff", "count": 2}}, {"type": "Feature", "geometry": {"type": "Polygon", "coordinates": [[[120.46152204687483, 23.506072618496063], [120.46396081845916, 23.49459797317402], [120.47631242485255, 23.491813902935384], [120.48622662034366, 23.50050576693848], [120.48378767300679, 23.511981236093472], [120.4714347057518, 23.51476401757258], [120.46152204687483, 23.506072618496063]]]}, "properties": {"hex": "874ba2573ffffff", "count": 2}}, {"type": "Feature", "geometry": {"type": "Polygon", "coordinates": [[[121.67596087233439, 24.638579465792873], [121.6784114374201, 24.627187233762285], [121.69093543862624, 24.624398373935225], [121.7010101980218, 24.63300294638133], [121.69855949724145, 24.644395901740193], [121.6860341725701, 24.6471835614981], [121.67596087233439, 24.638579465792873]]]}, "properties": {"hex": "874ba025affffff", "count": 2}}, {"type": "Feature", "geometry": {"type": "Polygon", "coordinates": [[[121.66071889310786, 24.59858013130452], [121.66316921773041, 24.587182760688613], [121.67569057142549, 24.584391498089936], [121.68576292416029, 24.592998808104714], [121.68331246334128, 24.604396904457005], [121.670789785794, 24.607186965231282], [121.66071889310786, 24.59858013130452]]]}, "properties": {"hex": "874ba02ebffffff", "count": 2}}, {"type": "Feature", "geometry": {"type": "Polygon", "coordinates": [[[121.05947621571414, 24.243810037910407], [121.06192180701538, 24.23240186295208], [121.07436322156946, 24.22963374612183], [121.08436038854943, 24.23827504556584], [121.08191464090424, 24.249683986118903], [121.06947188243805, 24.25245086180109], [121.05947621571414, 24.243810037910407]]]}, "properties": {"hex": "874ba0793ffffff", "count": 2}}, {"type": "Feature", "geometry": {"type": "Polygon", "coordinates": [[[121.36904973464628, 23.17755187444978], [121.371492751804, 23.165960378438964], [121.38394972150842, 23.163059477338034], [121.39396500208045, 23.17175132101785], [121.3915218395075, 23.183343619585113], [121.37906354159138, 23.186243272080425], [121.36904973464628, 23.17755187444978]]]}, "properties": {"hex": "874b848d3ffffff", "count": 2}}, {"type": "Feature", "geometry": {"type": "Polygon", "coordinates": [[[121.31655753591195, 23.14567765513825], [121.31900013648122, 23.13408534293113], [121.33145012100925, 23.131186259769677], [121.34145883473171, 23.139880740994634], [121.33901608699678, 23.15147385942919], [121.3265647725191, 23.15437169057512], [121.31655753591195, 23.14567765513825]]]}, "properties": {"hex": "874b84120ffffff", "count": 2}}, {"type": "Feature", "geometry": {"type": "Polygon", "coordinates": [[[121.35415126798726, 23.192038253809983], [121.35659426215562, 23.180449989946027], [121.36904973464628, 23.17755187444978], [121.37906354159138, 23.186243272080425], [121.37662040149935, 23.197832338455672], [121.36416360019966, 23.200729204853275], [121.35415126798726, 23.192038253809983]]]}, "properties": {"hex": "874b848d0ffffff", "count": 2}}, {"type": "Feature", "geometry": {"type": "Polygon", "coordinates": [[[121.14683538579935, 23.66803606301287], [121.14927913881489, 23.656533949749253], [121.1617192835607, 23.653701368665292], [121.17171701337628, 23.66237215089584], [121.16927310723997, 23.673875053114827], [121.15683162422371, 23.676706384313384], [121.14683538579935, 23.66803606301287]]]}, "properties": {"hex": "874ba2203ffffff", "count": 2}}, {"type": "Feature", "geometry": {"type": "Polygon", "coordinates": [[[121.2791007295803, 24.877515682510747], [121.28155019134938, 24.86618980790525], [121.29403167257004, 24.863462580674845], [121.30406503083475, 24.872062442504635], [121.30161541978242, 24.883389044931373], [121.2891325995614, 24.88611505787923], [121.2791007295803, 24.877515682510747]]]}, "properties": {"hex": "874ba0a84ffffff", "count": 2}}, {"type": "Feature", "geometry": {"type": "Polygon", "coordinates": [[[120.77431569917471, 23.752300653756393], [120.77675753399316, 23.740839102181276], [120.78915349996949, 23.73804986777879], [120.79910898247026, 23.746723452319518], [120.79666698207187, 23.758185803729344], [120.78426966457032, 23.76097377092729], [120.77431569917471, 23.752300653756393]]]}, "properties": {"hex": "874ba2029ffffff", "count": 2}}, {"type": "Feature", "geometry": {"type": "Polygon", "coordinates": [[[121.5724841771155, 25.007580645657537], [121.57493574484977, 24.9962539003795], [121.587455238049, 24.99351088482304], [121.59752449226121, 25.002095810825892], [121.59507278513303, 25.01342326678521], [121.58255196299693, 25.016165086234793], [121.5724841771155, 25.007580645657537]]]}, "properties": {"hex": "874ba1da4ffffff", "count": 2}}, {"type": "Feature", "geometry": {"type": "Polygon", "coordinates": [[[121.72714042026834, 24.344568059596966], [121.72959002972543, 24.3331264823984], [121.7421139092846, 24.330304275349388], [121.7521894994575, 24.338924850132322], [121.74973975618524, 24.350367161892297], [121.73721455636507, 24.353188164480354], [121.72714042026834, 24.344568059596966]]]}, "properties": {"hex": "874ba380dffffff", "count": 2}}, {"type": "Feature", "geometry": {"type": "Polygon", "coordinates": [[[120.70352974587512, 22.582208978815327], [120.70596640489993, 22.57058081480858], [120.7183295763802, 22.567683772844486], [120.72825743734312, 22.57641619035174], [120.72582061104306, 22.58804521259889], [120.71345609087466, 22.59094095925471], [120.70352974587512, 22.582208978815327]]]}, "properties": {"hex": "874bb12a3ffffff", "count": 2}}, {"type": "Feature", "geometry": {"type": "Polygon", "coordinates": [[[121.43846255616734, 23.63427838154374], [121.44090779403207, 23.62274967572144], [121.45338252476775, 23.61988633621032], [121.46341334516973, 23.628552938126585], [121.46096796401295, 23.64008242259222], [121.44849190555897, 23.64294452666544], [121.43846255616734, 23.63427838154374]]]}, "properties": {"hex": "874ba358cffffff", "count": 2}}, {"type": "Feature", "geometry": {"type": "Polygon", "coordinates": [[[121.61793194312622, 25.073136357971727], [121.62038401354414, 25.061816711272392], [121.63291030484098, 25.059075648533238], [121.64298585308505, 25.067655424786327], [121.64053364479219, 25.07897577746237], [121.62800602594011, 25.08171564808353], [121.61793194312622, 25.073136357971727]]]}, "properties": {"hex": "874ba1d33ffffff", "count": 2}}, {"type": "Feature", "geometry": {"type": "Polygon", "coordinates": [[[121.7661093192373, 24.607634155042458], [121.76856019806223, 24.59623059492557], [121.7810941969616, 24.59343004189056], [121.79117863681667, 24.602034245338594], [121.78872762539098, 24.613438526610814], [121.7761923065203, 24.616237883453476], [121.7661093192373, 24.607634155042458]]]}, "properties": {"hex": "874ba1580ffffff", "count": 2}}, {"type": "Feature", "geometry": {"type": "Polygon", "coordinates": [[[121.43038580672668, 23.504433708963067], [121.43283047527585, 23.492886163527658], [121.44530155243307, 23.490011047227902], [121.45532928829283, 23.498684715161037], [121.45288447624054, 23.510233045540286], [121.44041207164445, 23.513106923208994], [121.43038580672668, 23.504433708963067]]]}, "properties": {"hex": "874ba34b2ffffff", "count": 2}}, {"type": "Feature", "geometry": {"type": "Polygon", "coordinates": [[[121.14302652672242, 24.572327348927935], [121.145473956357, 24.56096375282533], [121.15793246556085, 24.55821979060732], [121.1679448874025, 24.566840653540083], [121.16549730405596, 24.578204996741743], [121.15303745239382, 24.580947730081544], [121.14302652672242, 24.572327348927935]]]}, "properties": {"hex": "874ba00f3ffffff", "count": 2}}, {"type": "Feature", "geometry": {"type": "Polygon", "coordinates": [[[120.79949057618373, 24.57191409737502], [120.80193592804441, 24.560576039792423], [120.81435207641451, 24.5578650508835], [120.8243242271263, 24.566493365961232], [120.82187871006765, 24.57783218372101], [120.80946120731191, 24.580541926393767], [120.79949057618373, 24.57191409737502]]]}, "properties": {"hex": "874ba0cddffffff", "count": 2}}, {"type": "Feature", "geometry": {"type": "Polygon", "coordinates": [[[121.43533244327273, 24.594429218100576], [121.43778158803305, 24.583047577608635], [121.45027596094936, 24.580277636286237], [121.4603225210126, 24.588890549087154], [121.45787323239462, 24.600272924349326], [121.44537752738287, 24.60304165221217], [121.43533244327273, 24.594429218100576]]]}, "properties": {"hex": "874ba02a5ffffff", "count": 2}}, {"type": "Feature", "geometry": {"type": "Polygon", "coordinates": [[[121.1732865514899, 24.652229796494357], [121.17573448465961, 24.64087641124614], [121.18819836263462, 24.638137359250987], [121.19821564900316, 24.646752918023143], [121.19576756309782, 24.658107045512104], [121.18330234337337, 24.660844872158673], [121.1732865514899, 24.652229796494357]]]}, "properties": {"hex": "874ba00e5ffffff", "count": 2}}, {"type": "Feature", "geometry": {"type": "Polygon", "coordinates": [[[121.5278366730405, 25.103581096761918], [121.53028840892289, 25.0922728051664], [121.54280460614997, 25.08954348433122], [121.55287039831396, 25.09812365114992], [121.55041852147173, 25.109432650789472], [121.53790099323597, 25.112160775740815], [121.5278366730405, 25.103581096761918]]]}, "properties": {"hex": "874ba0a6cffffff", "count": 2}}, {"type": "Feature", "geometry": {"type": "Polygon", "coordinates": [[[121.51486099673012, 23.94529322133762], [121.51730790219415, 23.93380589012904], [121.52979823338744, 23.930965376811226], [121.53984298524496, 23.939613419489678], [121.53739593892753, 23.951101511969775], [121.52490428141776, 23.95394080066913], [121.51486099673012, 23.94529322133762]]]}, "properties": {"hex": "874ba3ceeffffff", "count": 2}}, {"type": "Feature", "geometry": {"type": "Polygon", "coordinates": [[[121.49840475500963, 23.63148739235085], [121.5008502987876, 23.619953877487095], [121.51333215161243, 23.61708461782439], [121.52336978600451, 23.625750105555323], [121.52092410096273, 23.637284396723416], [121.50844092260493, 23.64015242402376], [121.49840475500963, 23.63148739235085]]]}, "properties": {"hex": "874ba3414ffffff", "count": 2}}, {"type": "Feature", "geometry": {"type": "Polygon", "coordinates": [[[121.66753075626775, 24.45587233259568], [121.66998052824964, 24.44445228346091], [121.6824996915059, 24.441646553949003], [121.6925704055568, 24.450262078652372], [121.69012049767585, 24.461682859704894], [121.6776000114532, 24.46448738430886], [121.66753075626775, 24.45587233259568]]]}, "properties": {"hex": "874ba3973ffffff", "count": 2}}, {"type": "Feature", "geometry": {"type": "Polygon", "coordinates": [[[121.29457263899972, 23.249923568969432], [121.29701553782827, 23.23834824255798], [121.30946500704059, 23.235461272980817], [121.31947290842956, 23.244150881035583], [121.31702986164576, 23.255727009765856], [121.30457906124236, 23.258612728286753], [121.29457263899972, 23.249923568969432]]]}, "properties": {"hex": "874b848a9ffffff", "count": 2}}, {"type": "Feature", "geometry": {"type": "Polygon", "coordinates": [[[120.8885434771659, 22.3725069206221], [120.89098047045849, 22.360834796551206], [120.90336238089554, 22.35790047580444], [120.91330863935916, 22.366639568719197], [120.91087148501359, 22.378312553197237], [120.89848823307541, 22.38124558450972], [120.8885434771659, 22.3725069206221]]]}, "properties": {"hex": "874b86822ffffff", "count": 2}}, {"type": "Feature", "geometry": {"type": "Polygon", "coordinates": [[[120.82121341157958, 22.244179276925127], [120.8236494731533, 22.232494061969064], [120.83602044761328, 22.22955345572483], [120.84595670354695, 22.238299359899795], [120.84352047876207, 22.249985444187534], [120.83114816107334, 22.25292475512371], [120.82121341157958, 22.244179276925127]]]}, "properties": {"hex": "874b868a6ffffff", "count": 2}}, {"type": "Feature", "geometry": {"type": "Polygon", "coordinates": [[[121.72088903982916, 24.596017852416878], [121.72333965114133, 24.584615738085645], [121.73586807109069, 24.581818424622185], [121.74594720114429, 24.590424424460846], [121.74349645569079, 24.601827262263875], [121.73096671413464, 24.604623376929915], [121.72088903982916, 24.596017852416878]]]}, "properties": {"hex": "874ba15b3ffffff", "count": 2}}, {"type": "Feature", "geometry": {"type": "Polygon", "coordinates": [[[121.06213082894263, 23.006424801802773], [121.06457141219063, 22.994830990811906], [121.07698759280495, 22.991942089943677], [121.0869645282923, 23.000648268425333], [121.08452378942972, 23.012242902732925], [121.0721062705105, 23.015130535403465], [121.06213082894263, 23.006424801802773]]]}, "properties": {"hex": "874b84c0effffff", "count": 2}}, {"type": "Feature", "geometry": {"type": "Polygon", "coordinates": [[[120.4972999144657, 23.05977756739175], [120.49973712441354, 23.048234307914], [120.51208411170875, 23.045402979312364], [120.52199524654887, 23.054116206890495], [120.5195578622804, 23.06566031020806], [120.50720951731299, 23.068490342265466], [120.4972999144657, 23.05977756739175]]]}, "properties": {"hex": "874bb1badffffff", "count": 2}}, {"type": "Feature", "geometry": {"type": "Polygon", "coordinates": [[[121.00189207761525, 22.843920778631993], [121.00433164846228, 22.832307819567482], [121.01673711644418, 22.829408744375122], [121.02670435307456, 22.838123902982396], [121.02426462469018, 22.849737695491278], [121.01185781702948, 22.852635496108473], [121.00189207761525, 22.843920778631993]]]}, "properties": {"hex": "874b84c9dffffff", "count": 2}}, {"type": "Feature", "geometry": {"type": "Polygon", "coordinates": [[[120.95612295151528, 24.5592803479817], [120.95856922028298, 24.547928606348528], [120.97100451407049, 24.545201329510615], [120.98099488784425, 24.553827033136844], [120.97854845910777, 24.565179529616284], [120.9661118163818, 24.567905567791982], [120.95612295151528, 24.5592803479817]]]}, "properties": {"hex": "874ba00b4ffffff", "count": 2}}, {"type": "Feature", "geometry": {"type": "Polygon", "coordinates": [[[120.91862655312973, 24.513418288762743], [120.92107240442121, 24.50206222595379], [120.93350210670447, 24.499334039921685], [120.94348730753974, 24.507963158570195], [120.94104129505195, 24.519319979796283], [120.92861024274103, 24.522046924125068], [120.91862655312973, 24.513418288762743]]]}, "properties": {"hex": "874ba054cffffff", "count": 2}}, {"type": "Feature", "geometry": {"type": "Polygon", "coordinates": [[[121.8656977980371, 24.921429145404865], [121.86815044361981, 24.910067678978262], [121.88070276347574, 24.907287800744058], [121.89080375517925, 24.915870572481815], [121.88835098027072, 24.92723274208039], [121.87579734279278, 24.93001143694497], [121.8656977980371, 24.921429145404865]]]}, "properties": {"hex": "874ba1ce3ffffff", "count": 2}}, {"type": "Feature", "geometry": {"type": "Polygon", "coordinates": [[[120.5449459850791, 24.1080643729352], [120.54738777552862, 24.096674121736953], [120.55976236090065, 24.09394163241921], [120.56969651648457, 24.10260066499895], [120.56725455267396, 24.113991707991115], [120.55487860645972, 24.116722926773594], [120.5449459850791, 24.1080643729352]]]}, "properties": {"hex": "874ba2825ffffff", "count": 2}}, {"type": "Feature", "geometry": {"type": "Polygon", "coordinates": [[[121.03117656685619, 24.65095026995651], [121.03362366456057, 24.639607212157525], [121.04607012202449, 24.636881723188118], [121.0560708283414, 24.645500524753498], [121.0536235731307, 24.65684433027194], [121.04117576892422, 24.659568586675206], [121.03117656685619, 24.65095026995651]]]}, "properties": {"hex": "874ba0014ffffff", "count": 2}}, {"type": "Feature", "geometry": {"type": "Polygon", "coordinates": [[[121.09032900344368, 24.48648260123171], [121.09277577291621, 24.475109578696717], [121.1052260392602, 24.472362271489025], [121.11523087987192, 24.48098922066405], [121.11278395496265, 24.492362996306344], [121.10033234469296, 24.495109069835536], [121.09032900344368, 24.48648260123171]]]}, "properties": {"hex": "874ba0726ffffff", "count": 2}}, {"type": "Feature", "geometry": {"type": "Polygon", "coordinates": [[[120.87283747105924, 24.2309280336586], [120.87528187949981, 24.219531817475133], [120.88770001578688, 24.216780241583656], [120.89767509377293, 24.22542613300191], [120.8952305227631, 24.236823122609245], [120.88281103615294, 24.2395734475411], [120.87283747105924, 24.2309280336586]]]}, "properties": {"hex": "874ba04d4ffffff", "count": 2}}, {"type": "Feature", "geometry": {"type": "Polygon", "coordinates": [[[121.71463277145922, 24.846656587741535], [121.71708438538619, 24.835294180378096], [121.72961734870061, 24.8325217338641], [121.73970002085184, 24.84111288784216], [121.73724827245664, 24.852476007639996], [121.7247139861879, 24.855247261199914], [121.71463277145922, 24.846656587741535]]]}, "properties": {"hex": "874ba1c80ffffff", "count": 2}}, {"type": "Feature", "geometry": {"type": "Polygon", "coordinates": [[[120.58737608090503, 23.412027006735936], [120.58981531910575, 23.400528765192117], [120.60218087664114, 23.39772366184356], [120.61210855207065, 23.406418084585336], [120.60966914230633, 23.417917149516303], [120.59730222849558, 23.420720968478797], [120.58737608090503, 23.412027006735936]]]}, "properties": {"hex": "874ba2446ffffff", "count": 2}}, {"type": "Feature", "geometry": {"type": "Polygon", "coordinates": [[[121.33859487925811, 24.767293831301046], [121.34104421397613, 24.755946280605947], [121.35353057111821, 24.753202524308673], [121.363568929722, 24.761807532955032], [121.36111944778656, 24.773155814254164], [121.34863175427714, 24.775898356474904], [121.33859487925811, 24.767293831301046]]]}, "properties": {"hex": "874ba0330ffffff", "count": 2}}, {"type": "Feature", "geometry": {"type": "Polygon", "coordinates": [[[121.56434910929438, 24.879794192912616], [121.56680010642889, 24.868447863592362], [121.57931592866228, 24.865693208988475], [121.58938208223444, 24.874286083653736], [121.58693094548909, 24.88563312975257], [121.57441379459296, 24.888386584581358], [121.56434910929438, 24.879794192912616]]]}, "properties": {"hex": "874ba1d92ffffff", "count": 2}}, {"type": "Feature", "geometry": {"type": "Polygon", "coordinates": [[[121.56408915254752, 24.825801444566054], [121.56653992519409, 24.81444663893996], [121.57905457683603, 24.811686760664383], [121.58911978407242, 24.820282889337474], [121.58666887183156, 24.83163841419847], [121.57415289175924, 24.834397091325055], [121.56408915254752, 24.825801444566054]]]}, "properties": {"hex": "874ba0345ffffff", "count": 2}}, {"type": "Feature", "geometry": {"type": "Polygon", "coordinates": [[[121.61031113770886, 25.05323600802063], [121.61276308710733, 25.04191375635435], [121.6252880506567, 25.039171500598226], [121.63536239236511, 25.04775268970016], [121.63291030484098, 25.059075648533238], [121.62038401354414, 25.061816711272392], [121.61031113770886, 25.05323600802063]]]}, "properties": {"hex": "874ba1d14ffffff", "count": 2}}, {"type": "Feature", "geometry": {"type": "Polygon", "coordinates": [[[121.36160138642948, 24.881068194160996], [121.36405131706478, 24.869736832176166], [121.3765428492257, 24.867001958593953], [121.38658578661477, 24.87559965719163], [121.38413570948421, 24.886931743689615], [121.37164284127189, 24.889665407249396], [121.36160138642948, 24.881068194160996]]]}, "properties": {"hex": "874ba0a8dffffff", "count": 2}}, {"type": "Feature", "geometry": {"type": "Polygon", "coordinates": [[[121.80371542080124, 24.599232070281584], [121.80616644539204, 24.587824496185753], [121.81870469300256, 24.58501950315627], [121.82879323435738, 24.59362327885731], [121.82634207845655, 24.605031572990914], [121.81380251231995, 24.60783537155971], [121.80371542080124, 24.599232070281584]]]}, "properties": {"hex": "874ba158effffff", "count": 2}}, {"type": "Feature", "geometry": {"type": "Polygon", "coordinates": [[[120.6994346790049, 23.60538618215865], [120.70187543630183, 23.593908242675596], [120.7142590255589, 23.59111163401806], [120.72420321073281, 23.599794239362463], [120.72176228545918, 23.611272988594457], [120.70937734280677, 23.614068322895367], [120.6994346790049, 23.60538618215865]]]}, "properties": {"hex": "874ba20a8ffffff", "count": 2}}, {"type": "Feature", "geometry": {"type": "Polygon", "coordinates": [[[121.72116358089252, 24.650209821635514], [121.72361441659875, 24.63881614410236], [121.73614400937392, 24.636024045854025], [121.74622408808948, 24.644626822779912], [121.74377311822683, 24.656021221332704], [121.73124220361461, 24.658812122113726], [121.72116358089252, 24.650209821635514]]]}, "properties": {"hex": "874ba15a6ffffff", "count": 2}}, {"type": "Feature", "geometry": {"type": "Polygon", "coordinates": [[[121.85069430368328, 24.93556436035389], [121.85314693751201, 24.92420619908826], [121.8656977980371, 24.921429145404865], [121.87579734279278, 24.93001143694497], [121.87334457911699, 24.94137030133979], [121.86079240034098, 24.944146171241016], [121.85069430368328, 24.93556436035389]]]}, "properties": {"hex": "874ba1ce0ffffff", "count": 2}}, {"type": "Feature", "geometry": {"type": "Polygon", "coordinates": [[[121.00790348863761, 24.428821201846542], [121.01034953255714, 24.4174453772629], [121.02278847552907, 24.414700321221392], [121.0327827209441, 24.423332329213252], [121.03033651885693, 24.434708912757188], [121.01789622933757, 24.437452729517418], [121.00790348863761, 24.428821201846542]]]}, "properties": {"hex": "874ba046affffff", "count": 2}}, {"type": "Feature", "geometry": {"type": "Polygon", "coordinates": [[[121.11343704835375, 24.654549644261156], [121.11588464523074, 24.643201046466046], [121.12834126344973, 24.640467987908114], [121.13835162847946, 24.64908475563477], [121.13590387685372, 24.66043409785083], [121.12344591476122, 24.663165928089434], [121.11343704835375, 24.654549644261156]]]}, "properties": {"hex": "874ba001dffffff", "count": 2}}, {"type": "Feature", "geometry": {"type": "Polygon", "coordinates": [[[120.82673183331961, 23.83869284461118], [120.82917435092168, 23.827240371479586], [120.84157862273563, 23.824454665571746], [120.85154172689484, 23.833122695505775], [120.84909904540432, 23.84457596233046], [120.83669342346032, 23.847360405692367], [120.82673183331961, 23.83869284461118]]]}, "properties": {"hex": "874ba2148ffffff", "count": 2}}, {"type": "Feature", "geometry": {"type": "Polygon", "coordinates": [[[120.84352047876207, 22.249985444187534], [120.84595670354695, 22.238299359899795], [120.85833056148701, 22.235357286476162], [120.86826953695774, 22.244102591516054], [120.86583314969545, 22.25578954391165], [120.8534579492583, 22.25873032331476], [120.84352047876207, 22.249985444187534]]]}, "properties": {"hex": "874b868a0ffffff", "count": 2}}, {"type": "Feature", "geometry": {"type": "Polygon", "coordinates": [[[121.17350991105809, 24.70623646228504], [121.1759580683403, 24.69489149533649], [121.188423108196, 24.692157710187875], [121.19844133256899, 24.700770116136496], [121.19599302253087, 24.712115822820767], [121.18352664068938, 24.714848383991445], [121.17350991105809, 24.70623646228504]]]}, "properties": {"hex": "874ba0072ffffff", "count": 2}}, {"type": "Feature", "geometry": {"type": "Polygon", "coordinates": [[[121.52501628230426, 24.50942807679547], [121.52746554942765, 24.498026677097478], [121.53996888053435, 24.495239841156035], [121.55002427277788, 24.50385561602881], [121.54757486488047, 24.51525775085838], [121.53507020532477, 24.518043375855534], [121.52501628230426, 24.50942807679547]]]}, "properties": {"hex": "874ba028bffffff", "count": 2}}, {"type": "Feature", "geometry": {"type": "Polygon", "coordinates": [[[121.3687094130366, 24.79310517104048], [121.37115901864985, 24.781759463517737], [121.38364955367705, 24.779015314626477], [121.39369181830155, 24.78761808532808], [121.39124206647709, 24.798964521115963], [121.37875019605146, 24.801707458109384], [121.3687094130366, 24.79310517104048]]]}, "properties": {"hex": "874ba0322ffffff", "count": 2}}, {"type": "Feature", "geometry": {"type": "Polygon", "coordinates": [[[120.60286047816824, 23.616229378755925], [120.60530064764457, 23.604760393448387], [120.6176723533066, 23.601973921607442], [120.62760524599237, 23.61065771429872], [120.6251649053461, 23.622127512635522], [120.61279184300324, 23.624912705413482], [120.60286047816824, 23.616229378755925]]]}, "properties": {"hex": "874ba2199ffffff", "count": 2}}, {"type": "Feature", "geometry": {"type": "Polygon", "coordinates": [[[121.61766688227722, 25.01926333831381], [121.62011872803215, 25.007935172804984], [121.63264384689359, 25.00518889787694], [121.64271844713338, 25.01377198214976], [121.64026646351957, 25.025100856075717], [121.62774001733484, 25.027845937486443], [121.61766688227722, 25.01926333831381]]]}, "properties": {"hex": "874ba1d12ffffff", "count": 2}}, {"type": "Feature", "geometry": {"type": "Polygon", "coordinates": [[[120.7380496248268, 24.032708012389286], [120.74049237227803, 24.021291644366915], [120.75288962367453, 24.018533395798855], [120.76284548145959, 24.02719277796765], [120.760402567071, 24.038609933964725], [120.74800396165247, 24.041366919983087], [120.7380496248268, 24.032708012389286]]]}, "properties": {"hex": "874ba2858ffffff", "count": 2}}, {"type": "Feature", "geometry": {"type": "Polygon", "coordinates": [[[121.45301971785926, 25.17367703262122], [121.45547135274205, 25.162385319511365], [121.46798007480896, 25.159670131471692], [121.47803849586334, 25.16824785453548], [121.47558671744248, 25.179540275347932], [121.46307666131642, 25.182254265568382], [121.45301971785926, 25.17367703262122]]]}, "properties": {"hex": "874ba0b6bffffff", "count": 2}}, {"type": "Feature", "geometry": {"type": "Polygon", "coordinates": [[[120.91108993675698, 24.493432296322506], [120.91353565955795, 24.482073697884605], [120.92596401164423, 24.47934426926992], [120.93594799094245, 24.48797468184388], [120.93350210670447, 24.499334039921685], [120.92107240442121, 24.50206222595379], [120.91108993675698, 24.493432296322506]]]}, "properties": {"hex": "874ba054effffff", "count": 2}}, {"type": "Feature", "geometry": {"type": "Polygon", "coordinates": [[[121.50424253324265, 24.88219891954601], [121.50669322916342, 24.8708573329182], [121.51920192276638, 24.868108741570445], [121.52926125113612, 24.87670293979066], [121.5268104135585, 24.88804524540747], [121.51430038907901, 24.890792633988532], [121.50424253324265, 24.88219891954601]]]}, "properties": {"hex": "874ba0acaffffff", "count": 2}}, {"type": "Feature", "geometry": {"type": "Polygon", "coordinates": [[[120.71389852763005, 23.481833056990002], [120.71633887690712, 23.470335580051554], [120.72872172943032, 23.467525490840494], [120.73866558484707, 23.476214155078292], [120.73622506814013, 23.48771244706216], [120.72384086326477, 23.490521259924463], [120.71389852763005, 23.481833056990002]]]}, "properties": {"hex": "874ba2735ffffff", "count": 2}}, {"type": "Feature", "geometry": {"type": "Polygon", "coordinates": [[[121.48142794185635, 24.82237697437602], [121.4838782709172, 24.81102763687446], [121.49638297076142, 24.80827543188201], [121.50643867279683, 24.816873770002342], [121.50398820133256, 24.82822383009245], [121.4914821700475, 24.830974829646756], [121.48142794185635, 24.82237697437602]]]}, "properties": {"hex": "874ba0374ffffff", "count": 2}}, {"type": "Feature", "geometry": {"type": "Polygon", "coordinates": [[[121.73016833678162, 24.940548155531896], [121.73262041477997, 24.929199430172137], [121.7451571979596, 24.926434574295566], [121.75524322574415, 24.935019633757516], [121.75279101376648, 24.94636906672653], [121.7402529077929, 24.949132732799377], [121.73016833678162, 24.940548155531896]]]}, "properties": {"hex": "874ba1c10ffffff", "count": 2}}, {"type": "Feature", "geometry": {"type": "Polygon", "coordinates": [[[120.81940409246234, 23.873038777057243], [120.8218467040817, 23.861592047896803], [120.83425077673814, 23.858810404054637], [120.84421358812742, 23.86747675166828], [120.84177081235752, 23.878924273187835], [120.82936538916616, 23.881704654899096], [120.81940409246234, 23.873038777057243]]]}, "properties": {"hex": "874ba216bffffff", "count": 2}}, {"type": "Feature", "geometry": {"type": "Polygon", "coordinates": [[[120.59587843752715, 23.75961654005582], [120.59831914415483, 23.748169607052287], [120.61069292989586, 23.745397910246112], [120.62062736639075, 23.75407442276568], [120.61818648828122, 23.76552216223111], [120.60581134497778, 23.768292582877514], [120.59587843752715, 23.75961654005582]]]}, "properties": {"hex": "874ba2111ffffff", "count": 2}}, {"type": "Feature", "geometry": {"type": "Polygon", "coordinates": [[[121.58850440452414, 25.208818102131264], [121.59095688915845, 25.197522159600915], [121.60348255653007, 25.194797172088524], [121.61355706832937, 25.203369317354003], [121.6111044447527, 25.21466596086471], [121.59857744812912, 25.2173897583049], [121.58850440452414, 25.208818102131264]]]}, "properties": {"hex": "874ba56aaffffff", "count": 2}}, {"type": "Feature", "geometry": {"type": "Polygon", "coordinates": [[[121.09831803655645, 24.614613352050668], [121.10076538050164, 24.60325964832147], [121.11321931044682, 24.600524130472586], [121.12322724048579, 24.609143546610017], [121.12077974130503, 24.62049799718992], [121.10832446713523, 24.62323228495157], [121.09831803655645, 24.614613352050668]]]}, "properties": {"hex": "874ba001affffff", "count": 2}}, {"type": "Feature", "geometry": {"type": "Polygon", "coordinates": [[[121.53493446816171, 25.01579676555927], [121.53738587673288, 25.004474042662537], [121.5499010632438, 25.00173547909937], [121.55996617134738, 25.010320836404162], [121.55751462209969, 25.021644271050086], [121.54499810523556, 25.024381636816223], [121.53493446816171, 25.01579676555927]]]}, "properties": {"hex": "874ba0a5dffffff", "count": 2}}, {"type": "Feature", "geometry": {"type": "Polygon", "coordinates": [[[121.74973975618524, 24.350367161892297], [121.7521894994575, 24.338924850132322], [121.76471616678108, 24.33610103486239], [121.77479441008686, 24.344720734681346], [121.77234453376865, 24.356163779832396], [121.75981654700026, 24.358986391945987], [121.74973975618524, 24.350367161892297]]]}, "properties": {"hex": "874ba3872ffffff", "count": 2}}, {"type": "Feature", "geometry": {"type": "Polygon", "coordinates": [[[120.95470239600171, 24.180186092933273], [120.9571470987644, 24.16877597064741], [120.96957430002013, 24.166011612142615], [120.97955814559992, 24.174658624102964], [120.97711328302437, 24.186069519028543], [120.96468473449777, 24.188832629520963], [120.95470239600171, 24.180186092933273]]]}, "properties": {"hex": "874ba2b74ffffff", "count": 2}}, {"type": "Feature", "geometry": {"type": "Polygon", "coordinates": [[[121.82861900468728, 25.03769913952286], [121.83107195732484, 25.026358717978447], [121.84362239069468, 25.023593691566685], [121.85372119077263, 25.032170269204656], [121.85126810748558, 25.04351139018006], [121.83871635457855, 25.046275234262495], [121.82861900468728, 25.03769913952286]]]}, "properties": {"hex": "874ba1c29ffffff", "count": 2}}, {"type": "Feature", "geometry": {"type": "Polygon", "coordinates": [[[120.7904652782475, 24.118878851191038], [120.79290871188698, 24.10747167049849], [120.80531428631993, 24.10471692177608], [120.81527777956316, 24.113370611747353], [120.81283418067703, 24.12477857431742], [120.80042725361156, 24.127532065204246], [120.7904652782475, 24.118878851191038]]]}, "properties": {"hex": "874ba2b36ffffff", "count": 2}}, {"type": "Feature", "geometry": {"type": "Polygon", "coordinates": [[[120.90890475937931, 23.896567030690118], [120.91134802315977, 23.885117139019275], [120.92376367650053, 23.882329334920236], [120.93373741345101, 23.890992679662414], [120.93129398848309, 23.902443359072674], [120.91887698756861, 23.90522990616648], [120.90890475937931, 23.896567030690118]]]}, "properties": {"hex": "874ba2a84ffffff", "count": 2}}, {"type": "Feature", "geometry": {"type": "Polygon", "coordinates": [[[120.86602708991138, 22.311261312295542], [120.8684636992743, 22.2995821976446], [120.88084158420928, 22.29664400399659], [120.89078420159987, 22.305386216887722], [120.88834743047123, 22.317066195793554], [120.875968203536, 22.320003097709176], [120.86602708991138, 22.311261312295542]]]}, "properties": {"hex": "874b86814ffffff", "count": 2}}, {"type": "Feature", "geometry": {"type": "Polygon", "coordinates": [[[121.7426667746488, 24.43902386889646], [121.7451168471208, 24.427595782945716], [121.75764453942841, 24.424781202810856], [121.76772347917378, 24.433395910234406], [121.76527327337465, 24.444824725864112], [121.75274426096692, 24.447638104564227], [121.7426667746488, 24.43902386889646]]]}, "properties": {"hex": "874ba395dffffff", "count": 2}}, {"type": "Feature", "geometry": {"type": "Polygon", "coordinates": [[[121.52954191874804, 23.876340388348673], [121.5319886198481, 23.864841522384474], [121.54447927091229, 23.861992953017875], [121.55452454616493, 23.870644475177514], [121.5520777047413, 23.882144104967033], [121.53958572820036, 23.884991448940575], [121.52954191874804, 23.876340388348673]]]}, "properties": {"hex": "874ba3cddffffff", "count": 2}}, {"type": "Feature", "geometry": {"type": "Polygon", "coordinates": [[[121.46647442851382, 24.836472391652652], [121.46892473701975, 24.82512635838632], [121.48142794185635, 24.82237697437602], [121.4914821700475, 24.830974829646756], [121.4890317186236, 24.842321585436874], [121.47652718173786, 24.845069763605533], [121.46647442851382, 24.836472391652652]]]}, "properties": {"hex": "874ba0adaffffff", "count": 1}}, {"type": "Feature", "geometry": {"type": "Polygon", "coordinates": [[[120.9416464112987, 24.681309868446338], [120.9440930954181, 24.66997821259255], [120.95652916083559, 24.667264330125086], [120.96651989194453, 24.67588333998885], [120.96407304730668, 24.687215745534665], [120.95163563189386, 24.68992839169393], [120.9416464112987, 24.681309868446338]]]}, "properties": {"hex": "874ba01aeffffff", "count": 1}}, {"type": "Feature", "geometry": {"type": "Polygon", "coordinates": [[[121.0911914914261, 24.702649361705543], [121.09363915685338, 24.69130992232357], [121.10609406246282, 24.688583724884584], [121.11610264733346, 24.697198195226242], [121.11365482638534, 24.708538377645404], [121.10119857590179, 24.711263346855983], [121.0911914914261, 24.702649361705543]]]}, "properties": {"hex": "874ba0005ffffff", "count": 1}}, {"type": "Feature", "geometry": {"type": "Polygon", "coordinates": [[[121.49790534345905, 25.13163789863917], [121.50035703997042, 25.1203362366226], [121.51287025153916, 25.11761256845285], [121.52293309863846, 25.12619175913614], [121.52048126013527, 25.13749412906347], [121.50796671633543, 25.140216600571243], [121.49790534345905, 25.13163789863917]]]}, "properties": {"hex": "874ba5696ffffff", "count": 1}}, {"type": "Feature", "geometry": {"type": "Polygon", "coordinates": [[[121.05383577582968, 24.7108151002951], [121.05628325506862, 24.69947970720749], [121.06873375223994, 24.696757913278052], [121.07873811620874, 24.705372742512186], [121.07629048019128, 24.716708879675465], [121.06383863679818, 24.719429443699003], [121.05383577582968, 24.7108151002951]]]}, "properties": {"hex": "874ba0022ffffff", "count": 1}}, {"type": "Feature", "geometry": {"type": "Polygon", "coordinates": [[[121.75903458389361, 24.696003705933563], [121.76148579240139, 24.684614460977457], [121.77402081842894, 24.681823132728187], [121.7841059563856, 24.690422244015835], [121.7816546149957, 24.701812206435502], [121.7691182683405, 24.704602340278115], [121.75903458389361, 24.696003705933563]]]}, "properties": {"hex": "874ba1516ffffff", "count": 1}}, {"type": "Feature", "geometry": {"type": "Polygon", "coordinates": [[[121.41525623163945, 25.128066097636133], [121.41770747584569, 25.11676988157016], [121.43021069335995, 25.114053920489], [121.44026400170524, 25.122635376566112], [121.43781261270087, 25.133932303835262], [121.42530805996073, 25.136647063998115], [121.41525623163945, 25.128066097636133]]]}, "properties": {"hex": "874ba0b43ffffff", "count": 1}}, {"type": "Feature", "geometry": {"type": "Polygon", "coordinates": [[[120.86622106568856, 22.366699197349877], [120.86865789719252, 22.35502793490702], [120.88103692854988, 22.352095089068076], [120.89098047045849, 22.360834796551206], [120.8885434771659, 22.3725069206221], [120.87616310357156, 22.375438475737983], [120.86622106568856, 22.366699197349877]]]}, "properties": {"hex": "874b86835ffffff", "count": 1}}, {"type": "Feature", "geometry": {"type": "Polygon", "coordinates": [[[120.66767905337946, 22.976622070342536], [120.67011706206588, 22.965053660920557], [120.68248378006139, 22.962198404645296], [120.69241384083266, 22.970912847371885], [120.68997566347203, 22.982482097730607], [120.67760759383361, 22.985336064584473], [120.66767905337946, 22.976622070342536]]]}, "properties": {"hex": "874bb1ae6ffffff", "count": 1}}, {"type": "Feature", "geometry": {"type": "Polygon", "coordinates": [[[120.61035154210279, 23.636379243528822], [120.61279184300324, 23.624912705413482], [120.6251649053461, 23.622127512635522], [120.63509902312961, 23.630810136360516], [120.63265855129468, 23.642277486250578], [120.62028413242989, 23.64506140080279], [120.61035154210279, 23.636379243528822]]]}, "properties": {"hex": "874ba218affffff", "count": 1}}, {"type": "Feature", "geometry": {"type": "Polygon", "coordinates": [[[121.11837944272617, 24.023932139735436], [121.12082448004783, 24.012485961123947], [121.13326852849627, 24.00969074661201], [121.1432688802973, 24.0183429541919], [121.14082368871921, 24.029789906328613], [121.12837829941125, 24.032583877527344], [121.11837944272617, 24.023932139735436]]]}, "properties": {"hex": "874ba2a51ffffff", "count": 1}}, {"type": "Feature", "geometry": {"type": "Polygon", "coordinates": [[[120.61596061257639, 23.054521918412135], [120.61839859552678, 23.04296882280263], [120.63076042072142, 23.040125980391675], [120.64068561650372, 23.048837524259284], [120.63824746313277, 23.060391459186164], [120.62588428421962, 23.063233011086634], [120.61596061257639, 23.054521918412135]]]}, "properties": {"hex": "874bb1a05ffffff", "count": 1}}, {"type": "Feature", "geometry": {"type": "Polygon", "coordinates": [[[121.41427206293797, 24.912718450738787], [121.41672240902632, 24.901388226113976], [121.42922095367558, 24.898651335251294], [121.43927048633736, 24.90724587573496], [121.43681999552285, 24.918576821413406], [121.42432011658438, 24.921312505727652], [121.41427206293797, 24.912718450738787]]]}, "properties": {"hex": "874ba0af1ffffff", "count": 1}}, {"type": "Feature", "geometry": {"type": "Polygon", "coordinates": [[[121.80625806272278, 25.085797941841356], [121.80871110869921, 25.074466752659998], [121.82125993451503, 25.071708562785833], [121.83135703475575, 25.080282744508978], [121.82890385734146, 25.09161463184095], [121.81635371093282, 25.0943716394752], [121.80625806272278, 25.085797941841356]]]}, "properties": {"hex": "874ba1d51ffffff", "count": 1}}, {"type": "Feature", "geometry": {"type": "Polygon", "coordinates": [[[120.81371593871611, 22.223747561295575], [120.8161518717167, 22.212060029082007], [120.8285215027835, 22.209118126769418], [120.83845654406169, 22.217865052893643], [120.83602044761328, 22.22955345572483], [120.8236494731533, 22.232494061969064], [120.81371593871611, 22.223747561295575]]]}, "properties": {"hex": "874b868b5ffffff", "count": 1}}, {"type": "Feature", "geometry": {"type": "Polygon", "coordinates": [[[120.76606426236566, 23.513773082153225], [120.76850507547239, 23.502276416952956], [120.78089509317957, 23.499464569638565], [120.7908456483305, 23.508150660647164], [120.78840466950189, 23.519648137303815], [120.77601330106222, 23.52245871165766], [120.76606426236566, 23.513773082153225]]]}, "properties": {"hex": "874ba2721ffffff", "count": 1}}, {"type": "Feature", "geometry": {"type": "Polygon", "coordinates": [[[121.45437917250361, 23.83876360655472], [121.4568253258105, 23.82726454469916], [121.46930620402449, 23.824419466679462], [121.47934225678809, 23.83307468082279], [121.4768959606302, 23.844574511284915], [121.46441375437207, 23.84741835916546], [121.45437917250361, 23.83876360655472]]]}, "properties": {"hex": "874ba3cd2ffffff", "count": 1}}, {"type": "Feature", "geometry": {"type": "Polygon", "coordinates": [[[121.15904233477565, 24.82818438755942], [121.1614909128589, 24.816859596918757], [121.17395675373079, 24.814139159167222], [121.18397535938365, 24.822744733832128], [121.18152662799477, 24.834070259123603], [121.16905944407232, 24.836789475270578], [121.15904233477565, 24.82818438755942]]]}, "properties": {"hex": "874ba0141ffffff", "count": 1}}, {"type": "Feature", "geometry": {"type": "Polygon", "coordinates": [[[121.77541914262501, 24.952187413573874], [121.77787148781046, 24.94083727413694], [121.79041385396039, 24.938069147237577], [121.80050519588791, 24.946652347154988], [121.79805271826694, 24.958003191917864], [121.78550903096291, 24.96077013161272], [121.77541914262501, 24.952187413573874]]]}, "properties": {"hex": "874ba1c1cffffff", "count": 1}}, {"type": "Feature", "geometry": {"type": "Polygon", "coordinates": [[[120.69979256772648, 23.7144960384249], [120.7022337709548, 23.703034433933976], [120.71461965589003, 23.70024850912045], [120.72456569129046, 23.708925460841257], [120.72212432003627, 23.72038786988455], [120.70973708122585, 23.72317252281752], [120.69979256772648, 23.7144960384249]]]}, "properties": {"hex": "874ba2004ffffff", "count": 1}}, {"type": "Feature", "geometry": {"type": "Polygon", "coordinates": [[[120.82654105337025, 23.78420102480691], [120.82898334778179, 23.77274034241002], [120.84138646843171, 23.769949310877287], [120.85134864437855, 23.77862022570682], [120.84890618610196, 23.790081704376533], [120.83650171556083, 23.792871472107937], [120.82654105337025, 23.78420102480691]]]}, "properties": {"hex": "874ba2066ffffff", "count": 1}}, {"type": "Feature", "geometry": {"type": "Polygon", "coordinates": [[[120.580393851362, 23.555758122902414], [120.58283362613999, 23.544281808695473], [120.59520126080872, 23.541491494652124], [120.60513047767488, 23.5501787765456], [120.60269053102147, 23.561655907549593], [120.59032153919676, 23.56444494002426], [120.580393851362, 23.555758122902414]]]}, "properties": {"hex": "874ba20b6ffffff", "count": 1}}, {"type": "Feature", "geometry": {"type": "Polygon", "coordinates": [[[121.40765685988237, 25.108187512745452], [121.41010798078696, 25.09688869358707], [121.42260986288962, 25.09417153068394], [121.43266195931075, 25.10275438893501], [121.43021069335995, 25.114053920489], [121.41770747584569, 25.11676988157016], [121.40765685988237, 25.108187512745452]]]}, "properties": {"hex": "874ba0b5cffffff", "count": 1}}, {"type": "Feature", "geometry": {"type": "Polygon", "coordinates": [[[121.54254657481779, 25.035701760202052], [121.54499810523556, 25.024381636816223], [121.55751462209969, 25.021644271050086], [121.56758093852012, 25.030228225743063], [121.56512926767553, 25.04154905968511], [121.5526114206479, 25.044285228552294], [121.54254657481779, 25.035701760202052]]]}, "properties": {"hex": "874ba0a4effffff", "count": 1}}, {"type": "Feature", "geometry": {"type": "Polygon", "coordinates": [[[121.4753349401173, 25.125779117616013], [121.47778649387223, 25.114478164632335], [121.49029687737873, 25.111756125072045], [121.50035703997042, 25.1203362366226], [121.49790534345905, 25.13163789863917], [121.48539362692341, 25.13435874024664], [121.4753349401173, 25.125779117616013]]]}, "properties": {"hex": "874ba0b4bffffff", "count": 1}}, {"type": "Feature", "geometry": {"type": "Polygon", "coordinates": [[[121.46012418399144, 25.086011142944926], [121.46257549240424, 25.074704982227114], [121.47508320928965, 25.071980544053282], [121.48514095097762, 25.08056346652915], [121.48268949931065, 25.09187033866319], [121.47018044902099, 25.0945935770792], [121.46012418399144, 25.086011142944926]]]}, "properties": {"hex": "874ba0a66ffffff", "count": 1}}, {"type": "Feature", "geometry": {"type": "Polygon", "coordinates": [[[121.52099332601291, 25.24498656235653], [121.52344561395826, 25.233701277251374], [121.53596399281517, 25.230986411835172], [121.54603141543484, 25.23955802421712], [121.54357898622914, 25.250844011225627], [121.53105927547468, 25.253557684123898], [121.52099332601291, 25.24498656235653]]]}, "properties": {"hex": "874ba56a4ffffff", "count": 1}}, {"type": "Feature", "geometry": {"type": "Polygon", "coordinates": [[[120.63686381926755, 22.619903389399127], [120.63930019420752, 22.608285712897494], [120.65165578872586, 22.605398458684558], [120.66157635920877, 22.614130179214442], [120.65913981477888, 22.625748714923116], [120.64678286917578, 22.628634671050957], [120.63686381926755, 22.619903389399127]]]}, "properties": {"hex": "874bb139dffffff", "count": 1}}, {"type": "Feature", "geometry": {"type": "Polygon", "coordinates": [[[120.7142590255589, 23.59111163401806], [120.7166998206104, 23.579630436404162], [120.72908496849617, 23.57683103413057], [120.7390306739802, 23.585514103547272], [120.73658971145002, 23.596996111002994], [120.72420321073281, 23.599794239362463], [120.7142590255589, 23.59111163401806]]]}, "properties": {"hex": "874ba20abffffff", "count": 1}}, {"type": "Feature", "geometry": {"type": "Polygon", "coordinates": [[[120.96610858005167, 23.237783250517978], [120.96854952005748, 23.226230593982457], [120.98095864597862, 23.22337309230736], [120.9909281743682, 23.232069515830815], [120.98848707542902, 23.24362298878436], [120.97607660685028, 23.246479221958406], [120.96610858005167, 23.237783250517978]]]}, "properties": {"hex": "874ba26c2ffffff", "count": 1}}, {"type": "Feature", "geometry": {"type": "Polygon", "coordinates": [[[120.49874145485568, 23.552305162718937], [120.50118066741115, 23.540834563077873], [120.51353793343041, 23.538051564725322], [120.52345734655974, 23.546740451997962], [120.52101795944614, 23.558211871799497], [120.50865933358138, 23.560993584328614], [120.49874145485568, 23.552305162718937]]]}, "properties": {"hex": "874ba2563ffffff", "count": 1}}, {"type": "Feature", "geometry": {"type": "Polygon", "coordinates": [[[120.63772835887717, 22.89546720686353], [120.64016584503268, 22.88388926641321], [120.65252715485718, 22.88102884444574], [120.66245233062781, 22.889747655708252], [120.66001467485717, 22.901326442183443], [120.64765201275054, 22.904185571529005], [120.63772835887717, 22.89546720686353]]]}, "properties": {"hex": "874bb1a89ffffff", "count": 1}}, {"type": "Feature", "geometry": {"type": "Polygon", "coordinates": [[[120.97731819499072, 24.240337212783274], [120.97976328118096, 24.228934625269194], [120.99219452373757, 24.226174008210172], [121.00218202667824, 24.234817224251724], [120.99973678139814, 24.246220580712556], [120.98730419208289, 24.24897995235244], [120.97731819499072, 24.240337212783274]]]}, "properties": {"hex": "874ba04caffffff", "count": 1}}, {"type": "Feature", "geometry": {"type": "Polygon", "coordinates": [[[121.49764512902861, 23.46693992182823], [121.50009000238073, 23.455381853681406], [121.51256836270379, 23.452496803725012], [121.52260317432543, 23.461171057971406], [121.52015815976063, 23.472729909994733], [121.50767847459927, 23.47561372406184], [121.49764512902861, 23.46693992182823]]]}, "properties": {"hex": "874ba349effffff", "count": 1}}, {"type": "Feature", "geometry": {"type": "Polygon", "coordinates": [[[120.62224492966718, 22.689570490780255], [120.6246814874118, 22.677963947891275], [120.63703666381515, 22.67508483499414], [120.64695663417507, 22.683813562645824], [120.6445199064211, 22.695420962019707], [120.63216337813645, 22.698298777413463], [120.62224492966718, 22.689570490780255]]]}, "properties": {"hex": "874bb13aeffffff", "count": 1}}, {"type": "Feature", "geometry": {"type": "Polygon", "coordinates": [[[120.93189575947683, 24.065665651133546], [120.93433985466493, 24.054239733918497], [120.94676185858432, 24.051466318408128], [120.95674111467446, 24.060120072170214], [120.95429685897413, 24.071546768281916], [120.94187350751206, 24.074318931901075], [120.93189575947683, 24.065665651133546]]]}, "properties": {"hex": "874ba2a26ffffff", "count": 1}}, {"type": "Feature", "geometry": {"type": "Polygon", "coordinates": [[[120.89463880742785, 24.073973130566333], [120.89708270792323, 24.062551270752557], [120.909500278431, 24.05978220989742], [120.91947529712382, 24.06843626261933], [120.9170312348703, 24.079858902390857], [120.90461231549854, 24.082626709648736], [120.89463880742785, 24.073973130566333]]]}, "properties": {"hex": "874ba2b18ffffff", "count": 1}}, {"type": "Feature", "geometry": {"type": "Polygon", "coordinates": [[[121.51945769574108, 24.922060371574243], [121.52190863585271, 24.910723961739077], [121.53441999102012, 24.907977775032506], [121.54448173638566, 24.91656919931627], [121.5420306551155, 24.927906325744885], [121.52951796944912, 24.930651311470015], [121.51945769574108, 24.922060371574243]]]}, "properties": {"hex": "874ba0acdffffff", "count": 1}}, {"type": "Feature", "geometry": {"type": "Polygon", "coordinates": [[[121.3464218523969, 24.84120435216212], [121.34887153537017, 24.829867830190608], [121.36136039487702, 24.82713053388614], [121.3714009076417, 24.835730971532627], [121.36895107767917, 24.847068220422106], [121.35646088175352, 24.849804304919495], [121.3464218523969, 24.84120435216212]]]}, "properties": {"hex": "874ba0a8affffff", "count": 1}}, {"type": "Feature", "geometry": {"type": "Polygon", "coordinates": [[[121.65390422429053, 24.74102149285482], [121.65635510173198, 24.72964687854409], [121.66887864625444, 24.72687007573123], [121.67895263788412, 24.735469086084606], [121.67650162394857, 24.74684441996536], [121.66397675468747, 24.749620024096462], [121.65390422429053, 24.74102149285482]]]}, "properties": {"hex": "874ba0263ffffff", "count": 1}}, {"type": "Feature", "geometry": {"type": "Polygon", "coordinates": [[[121.45077441157216, 24.688502145995212], [121.45322402609783, 24.677134059375966], [121.46572223055325, 24.674371784768596], [121.47577215225087, 24.68297880730093], [121.47332239434573, 24.694347623794872], [121.46082285793403, 24.697108688054097], [121.45077441157216, 24.688502145995212]]]}, "properties": {"hex": "874ba0235ffffff", "count": 1}}, {"type": "Feature", "geometry": {"type": "Polygon", "coordinates": [[[121.6778543774414, 25.01685669432841], [121.68030651421925, 25.005523802881942], [121.6928387247126, 25.00277143699908], [121.70292012332027, 25.011353153263098], [121.70046785073966, 25.022686750915806], [121.68793431516369, 25.02543792627328], [121.6778543774414, 25.01685669432841]]]}, "properties": {"hex": "874ba1d1affffff", "count": 1}}, {"type": "Feature", "geometry": {"type": "Polygon", "coordinates": [[[121.15615880019709, 24.124371553511722], [121.15860446694487, 24.112937899163313], [121.17105521793269, 24.11014889266495], [121.18106164196628, 24.118794779715145], [121.17861582217783, 24.130229201429213], [121.16616373121086, 24.13301696889531], [121.15615880019709, 24.124371553511722]]]}, "properties": {"hex": "874ba2a6cffffff", "count": 1}}, {"type": "Feature", "geometry": {"type": "Polygon", "coordinates": [[[120.87977891516721, 24.08815796916226], [120.8822227818899, 24.07673938741595], [120.89463880742785, 24.073973130566333], [120.90461231549854, 24.082626709648736], [120.90216828651526, 24.094046071263467], [120.88975091153844, 24.09681107409335], [120.87977891516721, 24.08815796916226]]]}, "properties": {"hex": "874ba2b1cffffff", "count": 1}}, {"type": "Feature", "geometry": {"type": "Polygon", "coordinates": [[[120.909500278431, 24.05978220989742], [120.91194421236361, 24.048357072728308], [120.92436332642818, 24.045585208069134], [120.93433985466493, 24.054239733918497], [120.93189575947683, 24.065665651133546], [120.91947529712382, 24.06843626261933], [120.909500278431, 24.05978220989742]]]}, "properties": {"hex": "874ba2b1bffffff", "count": 1}}, {"type": "Feature", "geometry": {"type": "Polygon", "coordinates": [[[121.14882160404478, 24.15866093748816], [121.1512673687388, 24.147233073157956], [121.16371793880052, 24.144448112280276], [121.17372408437433, 24.153092254503186], [121.17127816637581, 24.164520884895456], [121.1588262559224, 24.167304607170735], [121.14882160404478, 24.15866093748816]]]}, "properties": {"hex": "874ba0690ffffff", "count": 1}}, {"type": "Feature", "geometry": {"type": "Polygon", "coordinates": [[[120.57107019841268, 22.93287791506079], [120.573507393636, 22.92131050023152], [120.58586109319738, 22.9184598978636], [120.59577895202194, 22.927178005814547], [120.59334158497104, 22.938746267590457], [120.58098653074325, 22.94159557462633], [120.57107019841268, 22.93287791506079]]]}, "properties": {"hex": "874bb1aaeffffff", "count": 1}}, {"type": "Feature", "geometry": {"type": "Polygon", "coordinates": [[[121.56512926767553, 25.04154905968511], [121.56758093852012, 25.030228225743063], [121.58010027383877, 25.027489231500017], [121.5901692674833, 25.036072266979033], [121.58771745697825, 25.047393810348108], [121.57519679229951, 25.050131608985637], [121.56512926767553, 25.04154905968511]]]}, "properties": {"hex": "874ba0a48ffffff", "count": 1}}, {"type": "Feature", "geometry": {"type": "Polygon", "coordinates": [[[121.78872762539098, 24.613438526610814], [121.79117863681667, 24.602034245338594], [121.80371542080124, 24.599232070281584], [121.81380251231995, 24.60783537155971], [121.81135136906488, 24.61924037282807], [121.79881326592961, 24.62204135299612], [121.78872762539098, 24.613438526610814]]]}, "properties": {"hex": "874ba1581ffffff", "count": 1}}, {"type": "Feature", "geometry": {"type": "Polygon", "coordinates": [[[121.15151533549115, 22.974578620599544], [121.15395631388223, 22.962973488869256], [121.16638276578229, 22.960073216817033], [121.17636957414655, 22.968779340783936], [121.1739284431416, 22.98038529359381], [121.16150065620171, 22.98328430151889], [121.15151533549115, 22.974578620599544]]]}, "properties": {"hex": "874b84cecffffff", "count": 1}}, {"type": "Feature", "geometry": {"type": "Polygon", "coordinates": [[[120.75911049500442, 23.657469571750838], [120.76155184727486, 23.645994919534626], [120.7739439604836, 23.643197812750476], [120.78389607285376, 23.65187662847218], [120.78145455455198, 23.663352085612214], [120.76906108972929, 23.66614792226966], [120.75911049500442, 23.657469571750838]]]}, "properties": {"hex": "874ba2019ffffff", "count": 1}}, {"type": "Feature", "geometry": {"type": "Polygon", "coordinates": [[[120.61784370017644, 23.656525489618456], [120.62028413242989, 23.64506140080279], [120.63265855129468, 23.642277486250578], [120.64259389408787, 23.650958938063518], [120.64015329113548, 23.662423837400024], [120.62777751590787, 23.665206474564762], [120.61784370017644, 23.656525489618456]]]}, "properties": {"hex": "874ba2188ffffff", "count": 1}}, {"type": "Feature", "geometry": {"type": "Polygon", "coordinates": [[[120.69229048122669, 23.694356763751266], [120.69473155395266, 23.682892701999588], [120.70711608485094, 23.680105504464724], [120.7170608968786, 23.688783641565568], [120.71461965589003, 23.70024850912045], [120.7022337709548, 23.703034433933976], [120.69229048122669, 23.694356763751266]]]}, "properties": {"hex": "874ba2006ffffff", "count": 1}}, {"type": "Feature", "geometry": {"type": "Polygon", "coordinates": [[[120.78257440268023, 23.99016592673786], [120.78501725996244, 23.978739730735658], [120.79741917936676, 23.97597307607317], [120.80737959362466, 23.98463387886343], [120.80493657090508, 23.996060863128367], [120.79253329918237, 23.998826256505158], [120.78257440268023, 23.99016592673786]]]}, "properties": {"hex": "874ba2bb1ffffff", "count": 1}}, {"type": "Feature", "geometry": {"type": "Polygon", "coordinates": [[[120.62550903098189, 23.731173218357192], [120.62794981744693, 23.719719754414633], [120.64032673906549, 23.716942465331773], [120.65026423048198, 23.725619915653084], [120.64782327352839, 23.737074186259665], [120.63544499546576, 23.73985020004339], [120.62550903098189, 23.731173218357192]]]}, "properties": {"hex": "874ba211affffff", "count": 1}}, {"type": "Feature", "geometry": {"type": "Polygon", "coordinates": [[[121.21825414663579, 24.663981852115956], [121.22070238452312, 24.65262698351909], [121.23317198437566, 24.649884747769416], [121.24319468636085, 24.658498603562833], [121.2407462972458, 24.66985421213408], [121.22827535718669, 24.67259522510833], [121.21825414663579, 24.663981852115956]]]}, "properties": {"hex": "874ba0053ffffff", "count": 1}}, {"type": "Feature", "geometry": {"type": "Polygon", "coordinates": [[[121.68575348306864, 25.090646916951847], [121.68820596480444, 25.079325155714006], [121.7007406742432, 25.076579185432003], [121.71082422687519, 25.08515616479427], [121.70837160957282, 25.09647862861598], [121.69583557501453, 25.099223410666948], [121.68575348306864, 25.090646916951847]]]}, "properties": {"hex": "874ba1d01ffffff", "count": 1}}, {"type": "Feature", "geometry": {"type": "Polygon", "coordinates": [[[121.42354410207825, 23.648664376777095], [121.42598931849375, 23.63713892463671], [121.43846255616734, 23.63427838154374], [121.44849190555897, 23.64294452666544], [121.44604654534066, 23.654470757400496], [121.43357197934635, 23.657330064586347], [121.42354410207825, 23.648664376777095]]]}, "properties": {"hex": "874ba35aaffffff", "count": 1}}, {"type": "Feature", "geometry": {"type": "Polygon", "coordinates": [[[120.43817931816407, 23.117215744787575], [120.44061635609087, 23.105685429399134], [120.45295703493682, 23.102865228852227], [120.46286203554797, 23.111576642243612], [120.46042482133088, 23.123107801074624], [120.44808278261388, 23.12592670322942], [120.43817931816407, 23.117215744787575]]]}, "properties": {"hex": "874bb1b32ffffff", "count": 1}}, {"type": "Feature", "geometry": {"type": "Polygon", "coordinates": [[[121.6996496827035, 24.86078531565843], [121.7021012814093, 24.849426211740592], [121.71463277145922, 24.846656587741535], [121.7247139861879, 24.855247261199914], [121.72226225249533, 24.866607077501236], [121.7097294388704, 24.8693755081352], [121.6996496827035, 24.86078531565843]]]}, "properties": {"hex": "874ba1c84ffffff", "count": 1}}, {"type": "Feature", "geometry": {"type": "Polygon", "coordinates": [[[121.50093987689591, 24.177644627944538], [121.50338765807814, 24.166193779884296], [121.51588116667403, 24.163377077901718], [121.52592822175168, 24.172012444190795], [121.52348029913487, 24.18346404346758], [121.51098546268669, 24.18627952540898], [121.50093987689591, 24.177644627944538]]]}, "properties": {"hex": "874ba3d6bffffff", "count": 1}}, {"type": "Feature", "geometry": {"type": "Polygon", "coordinates": [[[120.66159144575875, 23.395183057923298], [120.66403110449667, 23.383676671004036], [120.67640563192832, 23.380862976738378], [120.686341854162, 23.38955695048678], [120.68390202631541, 23.40106415865166], [120.6715261451627, 23.403876571983346], [120.66159144575875, 23.395183057923298]]]}, "properties": {"hex": "874ba244affffff", "count": 1}}, {"type": "Feature", "geometry": {"type": "Polygon", "coordinates": [[[121.28631031908833, 23.06450605531327], [121.28875242491537, 23.0529040653765], [121.30119708783955, 23.049999966099115], [121.31120097542231, 23.058699112156656], [121.30875872145292, 23.070301913347], [121.29631272785748, 23.073204757389362], [121.28631031908833, 23.06450605531327]]]}, "properties": {"hex": "874b84114ffffff", "count": 1}}, {"type": "Feature", "geometry": {"type": "Polygon", "coordinates": [[[120.63196787873694, 23.4238051027519], [120.63440745933423, 23.412305215597698], [120.64677886078823, 23.409497100274105], [120.65671203630545, 23.418190154101264], [120.65427228560661, 23.429690862314065], [120.6418995293113, 23.432497695801914], [120.63196787873694, 23.4238051027519]]]}, "properties": {"hex": "874ba2441ffffff", "count": 1}}, {"type": "Feature", "geometry": {"type": "Polygon", "coordinates": [[[120.96387181710385, 22.63174071497484], [120.96631030787718, 22.620099968347734], [120.9787067752809, 22.617183841689155], [120.98866609178543, 22.62590974246961], [120.98622744232107, 22.63755133410652], [120.97382963486042, 22.64046618011163], [120.96387181710385, 22.63174071497484]]]}, "properties": {"hex": "874b845b0ffffff", "count": 1}}, {"type": "Feature", "geometry": {"type": "Polygon", "coordinates": [[[121.20085269445143, 24.081685321550765], [121.2032984428263, 24.07024183681982], [121.21575374968612, 24.0674444132102], [121.22576464619316, 24.07609171223347], [121.22331874630042, 24.08753596454547], [121.21086210123262, 24.090332150421084], [121.20085269445143, 24.081685321550765]]]}, "properties": {"hex": "874ba2a4dffffff", "count": 1}}, {"type": "Feature", "geometry": {"type": "Polygon", "coordinates": [[[120.84890618610196, 23.790081704376533], [120.85134864437855, 23.77862022570682], [120.86375466253664, 23.775827659768748], [120.87371957138875, 23.78449783518485], [120.87127694998672, 23.795960108969243], [120.85886958267511, 23.798751412387077], [120.84890618610196, 23.790081704376533]]]}, "properties": {"hex": "874ba2060ffffff", "count": 1}}, {"type": "Feature", "geometry": {"type": "Polygon", "coordinates": [[[121.58982414051793, 23.928236282341356], [121.59227136331742, 23.916740897382006], [121.60477027749718, 23.91389161775381], [121.61482329218812, 23.92253894435401], [121.61237593108643, 23.93403508831269], [121.59987569340726, 23.936883146841456], [121.58982414051793, 23.928236282341356]]]}, "properties": {"hex": "874ba31b2ffffff", "count": 1}}, {"type": "Feature", "geometry": {"type": "Polygon", "coordinates": [[[121.66968797795634, 24.889024390140634], [121.67213954518694, 24.87767189510513], [121.68466808426052, 24.874907916745602], [121.69474638072741, 24.883497627779086], [121.69229467747364, 24.894850835092868], [121.67976481358593, 24.897613619269347], [121.66968797795634, 24.889024390140634]]]}, "properties": {"hex": "874ba1ca6ffffff", "count": 1}}, {"type": "Feature", "geometry": {"type": "Polygon", "coordinates": [[[121.44679195008261, 23.81860852945293], [121.44923798105323, 23.80710697521476], [121.4617175310373, 23.804260666214795], [121.47175237809316, 23.81291714260143], [121.46930620402449, 23.824419466679462], [121.4568253258105, 23.82726454469916], [121.44679195008261, 23.81860852945293]]]}, "properties": {"hex": "874ba3521ffffff", "count": 1}}, {"type": "Feature", "geometry": {"type": "Polygon", "coordinates": [[[120.97952511115935, 22.838101690764375], [120.98196452372814, 22.82648956635057], [120.99436712225815, 22.8235919927392], [121.00433164846228, 22.832307819567482], [121.00189207761525, 22.843920778631993], [120.98948813865927, 22.84681707637729], [120.97952511115935, 22.838101690764375]]]}, "properties": {"hex": "874b84c9cffffff", "count": 1}}, {"type": "Feature", "geometry": {"type": "Polygon", "coordinates": [[[121.07350768680404, 24.0122095710379], [121.0759524133671, 24.000764942953747], [121.08839072693577, 23.997972845738392], [121.09838565613688, 24.006626622663227], [121.09594077382046, 24.018072026590307], [121.08350111787136, 24.02086287791641], [121.07350768680404, 24.0122095710379]]]}, "properties": {"hex": "874ba2a56ffffff", "count": 1}}, {"type": "Feature", "geometry": {"type": "Polygon", "coordinates": [[[120.6074547973423, 22.70405015814446], [120.609891315399, 22.692446830221105], [120.62224492966718, 22.689570490780255], [120.63216337813645, 22.698298777413463], [120.62972668957633, 22.70990296173825], [120.61737172287037, 22.712778003184848], [120.6074547973423, 22.70405015814446]]]}, "properties": {"hex": "874bb13a1ffffff", "count": 1}}, {"type": "Feature", "geometry": {"type": "Polygon", "coordinates": [[[121.53519177800904, 25.069650303292764], [121.5376434111963, 25.058336093870704], [121.55015976846035, 25.05560275054548], [121.56022582293389, 25.06418481321006], [121.55777404905328, 25.075499731932194], [121.54525636120312, 25.078231878864138], [121.53519177800904, 25.069650303292764]]]}, "properties": {"hex": "874ba0a6affffff", "count": 1}}, {"type": "Feature", "geometry": {"type": "Polygon", "coordinates": [[[121.42823194449691, 24.682654183356615], [121.43068141488158, 24.67128682775386], [121.4431767894019, 24.66852615985671], [121.45322402609783, 24.677134059375966], [121.45077441157216, 24.688502145995212], [121.43827770430336, 24.69126160225086], [121.42823194449691, 24.682654183356615]]]}, "properties": {"hex": "874ba0234ffffff", "count": 1}}, {"type": "Feature", "geometry": {"type": "Polygon", "coordinates": [[[120.87372614399781, 22.387107404630115], [120.87616310357156, 22.375438475737983], [120.8885434771659, 22.3725069206221], [120.89848823307541, 22.38124558450972], [120.89605111195056, 22.392915373748], [120.88366939628546, 22.39584563890885], [120.87372614399781, 22.387107404630115]]]}, "properties": {"hex": "874b86826ffffff", "count": 1}}, {"type": "Feature", "geometry": {"type": "Polygon", "coordinates": [[[121.3577508501476, 24.01365143834223], [121.36019719577011, 24.00218601244782], [121.37267009051217, 23.999367049291145], [121.38269797175073, 24.008014743411795], [121.3802514799283, 24.019480933779697], [121.36777725288015, 24.022298665722015], [121.3577508501476, 24.01365143834223]]]}, "properties": {"hex": "874ba3c31ffffff", "count": 1}}, {"type": "Feature", "geometry": {"type": "Polygon", "coordinates": [[[121.62581966762392, 25.146856436783324], [121.62827208370727, 25.13554793102869], [121.64080087544569, 25.132813269348613], [121.65087857850537, 25.14138830340699], [121.648426024782, 25.152697511513576], [121.63589590544878, 25.1554309833851], [121.62581966762392, 25.146856436783324]]]}, "properties": {"hex": "874ba1d24ffffff", "count": 1}}, {"type": "Feature", "geometry": {"type": "Polygon", "coordinates": [[[120.86511505195259, 24.156629002921424], [120.86755910802772, 24.14522198263833], [120.87997474039703, 24.142463843251093], [120.88994766675965, 24.15111397745049], [120.88750344789867, 24.162521774949514], [120.87508646527753, 24.165278661199448], [120.86511505195259, 24.156629002921424]]]}, "properties": {"hex": "874ba2b23ffffff", "count": 1}}, {"type": "Feature", "geometry": {"type": "Polygon", "coordinates": [[[121.45962364927564, 24.978329441967283], [121.462074508558, 24.96700626705097], [121.47457988707536, 24.964271373342484], [121.4846357390585, 24.972860857295004], [121.48218473655709, 24.98418474854231], [121.46967802510287, 24.986918439679723], [121.45962364927564, 24.978329441967283]]]}, "properties": {"hex": "874ba0a52ffffff", "count": 1}}, {"type": "Feature", "geometry": {"type": "Polygon", "coordinates": [[[121.38364955367705, 24.779015314626477], [121.38609918207081, 24.767666303857393], [121.39859122097548, 24.76491933528237], [121.40863496609397, 24.773522589144424], [121.40618519200174, 24.78487232824874], [121.39369181830155, 24.78761808532808], [121.38364955367705, 24.779015314626477]]]}, "properties": {"hex": "874ba0304ffffff", "count": 1}}, {"type": "Feature", "geometry": {"type": "Polygon", "coordinates": [[[121.38510855961536, 25.102318571123583], [121.3875595347119, 25.091020465480522], [121.40005857729088, 25.088304925070112], [121.41010798078696, 25.09688869358707], [121.40765685988237, 25.108187512745452], [121.39515648110145, 25.110901850045263], [121.38510855961536, 25.102318571123583]]]}, "properties": {"hex": "874ba0b51ffffff", "count": 1}}, {"type": "Feature", "geometry": {"type": "Polygon", "coordinates": [[[121.6588379483142, 24.218329396127064], [121.66128670351652, 24.206873314121516], [121.67379986187332, 24.204045461123602], [121.68386558707519, 24.21267490123454], [121.68141669578546, 24.22413172626022], [121.66890221519178, 24.22695836832627], [121.6588379483142, 24.218329396127064]]]}, "properties": {"hex": "874ba38abffffff", "count": 1}}, {"type": "Feature", "geometry": {"type": "Polygon", "coordinates": [[[120.85121416837723, 22.325872664467095], [120.85365074352546, 22.314196741880316], [120.86602708991138, 22.311261312295542], [120.875968203536, 22.320003097709176], [120.87353146612445, 22.331679884489585], [120.86115377716996, 22.334614021818545], [120.85121416837723, 22.325872664467095]]]}, "properties": {"hex": "874b86832ffffff", "count": 1}}, {"type": "Feature", "geometry": {"type": "Polygon", "coordinates": [[[120.96244343653538, 24.254494325289894], [120.96488849079401, 24.243095022253442], [120.97731819499072, 24.240337212783274], [120.98730419208289, 24.24897995235244], [120.98485897823011, 24.260380024248835], [120.97242792669502, 24.26313658788346], [120.96244343653538, 24.254494325289894]]]}, "properties": {"hex": "874ba04ceffffff", "count": 1}}, {"type": "Feature", "geometry": {"type": "Polygon", "coordinates": [[[121.06873375223994, 24.696757913278052], [121.07118126139581, 24.68541921805972], [121.08363329097736, 24.682694607741787], [121.09363915685338, 24.69130992232357], [121.0911914914261, 24.702649361705543], [121.07873811620874, 24.705372742512186], [121.06873375223994, 24.696757913278052]]]}, "properties": {"hex": "874ba0004ffffff", "count": 1}}, {"type": "Feature", "geometry": {"type": "Polygon", "coordinates": [[[120.90751649152212, 23.514479630733984], [120.90995819304048, 23.502972413133538], [120.92236577884341, 23.500147368172307], [120.93233300885319, 23.50883080661755], [120.92989114630588, 23.520338829990365], [120.91748221459457, 23.523162609308663], [120.90751649152212, 23.514479630733984]]]}, "properties": {"hex": "874ba2744ffffff", "count": 1}}, {"type": "Feature", "geometry": {"type": "Polygon", "coordinates": [[[121.54396400426573, 23.752607844915158], [121.54641027703394, 23.741089221835995], [121.55890008024215, 23.738227343861293], [121.56894493489936, 23.74688531649538], [121.56649852235401, 23.758404708462912], [121.55400739474037, 23.761265359076425], [121.54396400426573, 23.752607844915158]]]}, "properties": {"hex": "874ba3556ffffff", "count": 1}}, {"type": "Feature", "geometry": {"type": "Polygon", "coordinates": [[[120.90276212255134, 24.256862229549846], [120.90520682211276, 24.24546775264741], [120.91762920406235, 24.242715870307116], [120.92760823567787, 24.251359713849066], [120.92516337453, 24.26275496180431], [120.91273964316927, 24.26550559533176], [120.90276212255134, 24.256862229549846]]]}, "properties": {"hex": "874ba04c6ffffff", "count": 1}}, {"type": "Feature", "geometry": {"type": "Polygon", "coordinates": [[[121.92660828571788, 25.02689701345928], [121.92906164903519, 25.0155478789226], [121.94162332566374, 25.012772260734184], [121.95173295456675, 25.021346954867276], [121.94927946397145, 25.032696785494352], [121.93671647155885, 25.035471226074424], [121.92660828571788, 25.02689701345928]]]}, "properties": {"hex": "874ba1c40ffffff", "count": 1}}, {"type": "Feature", "geometry": {"type": "Polygon", "coordinates": [[[120.93109347191488, 23.84796410253184], [120.93353667355764, 23.836505193587108], [120.94595406160535, 23.833710531988835], [120.9559295944175, 23.842376036482243], [120.95348623235229, 23.853835734576514], [120.94106749771379, 23.85662913919291], [120.93109347191488, 23.84796410253184]]]}, "properties": {"hex": "874ba2a9cffffff", "count": 1}}, {"type": "Feature", "geometry": {"type": "Polygon", "coordinates": [[[121.14324703378689, 24.626380216218546], [121.14569468745202, 24.61502501991949], [121.15815435759067, 24.6122863300047], [121.16816771657304, 24.620904064077106], [121.16571990917538, 24.63226000496313], [121.15325889634188, 24.63499746735999], [121.14324703378689, 24.626380216218546]]]}, "properties": {"hex": "874ba00e6ffffff", "count": 1}}, {"type": "Feature", "geometry": {"type": "Polygon", "coordinates": [[[121.54357898622914, 25.250844011225627], [121.54603141543484, 25.23955802421712], [121.55855261755487, 25.23684152244612], [121.5686227213746, 25.245412199085802], [121.56617015167505, 25.256698886879622], [121.55364761845992, 25.259414197423634], [121.54357898622914, 25.250844011225627]]]}, "properties": {"hex": "874ba56a5ffffff", "count": 1}}, {"type": "Feature", "geometry": {"type": "Polygon", "coordinates": [[[121.52979823338744, 23.930965376811226], [121.53224515824375, 23.919474779105983], [121.54473697548632, 23.916631462590566], [121.55478319339257, 23.925279968112385], [121.55233612819586, 23.936771327137023], [121.53984298524496, 23.939613419489678], [121.52979823338744, 23.930965376811226]]]}, "properties": {"hex": "874ba3ceaffffff", "count": 1}}, {"type": "Feature", "geometry": {"type": "Polygon", "coordinates": [[[120.66961462690504, 23.57933599933107], [120.67205508479601, 23.56785642488316], [120.68443440563026, 23.565060057971255], [120.69437462267285, 23.573744542137778], [120.6919339958347, 23.585224928748836], [120.67955332071985, 23.588020019192175], [120.66961462690504, 23.57933599933107]]]}, "properties": {"hex": "874ba2085ffffff", "count": 1}}, {"type": "Feature", "geometry": {"type": "Polygon", "coordinates": [[[121.44604654534066, 23.654470757400496], [121.44849190555897, 23.64294452666544], [121.46096796401295, 23.64008242259222], [121.47099998959425, 23.648747784027478], [121.46855448633063, 23.660274792166952], [121.45607710034366, 23.663135661634076], [121.44604654534066, 23.654470757400496]]]}, "properties": {"hex": "874ba35abffffff", "count": 1}}, {"type": "Feature", "geometry": {"type": "Polygon", "coordinates": [[[121.17816862428408, 24.021399259948137], [121.18061399674728, 24.009948261821787], [121.19306528791648, 24.007147119880525], [121.20307254517783, 24.01579821653097], [121.20062702046532, 24.027249985933217], [121.18817439055506, 24.030049887576627], [121.17816862428408, 24.021399259948137]]]}, "properties": {"hex": "874ba2a59ffffff", "count": 1}}, {"type": "Feature", "geometry": {"type": "Polygon", "coordinates": [[[120.68159843226958, 22.68677901379249], [120.68403536767204, 22.675167544900727], [120.69639792244338, 22.672282704867868], [120.70632489151863, 22.681010628335173], [120.70388778806107, 22.692622951398636], [120.69152388340277, 22.69550649697993], [120.68159843226958, 22.68677901379249]]]}, "properties": {"hex": "874bb1236ffffff", "count": 1}}, {"type": "Feature", "geometry": {"type": "Polygon", "coordinates": [[[121.69992235498376, 24.9147897591264], [121.70237417827343, 24.90343914621295], [121.71490684177155, 24.900674731592694], [121.72498900559535, 24.90926212205474], [121.72253704730367, 24.920613444911154], [121.71000305999966, 24.923376667537326], [121.69992235498376, 24.9147897591264]]]}, "properties": {"hex": "874ba1ca5ffffff", "count": 1}}, {"type": "Feature", "geometry": {"type": "Polygon", "coordinates": [[[120.62258798399212, 22.79980387577387], [120.62502498617583, 22.788213219317495], [120.63738244795444, 22.78534484285224], [120.64730425972962, 22.79406841832133], [120.64486708748623, 22.805659925986056], [120.63250827334711, 22.808527007130422], [120.62258798399212, 22.79980387577387]]]}, "properties": {"hex": "874bb1331ffffff", "count": 1}}, {"type": "Feature", "geometry": {"type": "Polygon", "coordinates": [[[121.70755111675162, 24.934724684147078], [121.71000305999966, 24.923376667537326], [121.72253704730367, 24.920613444911154], [121.73262041477997, 24.929199430172137], [121.73016833678162, 24.940548155531896], [121.7176330258667, 24.943310187055552], [121.70755111675162, 24.934724684147078]]]}, "properties": {"hex": "874ba1c16ffffff", "count": 1}}, {"type": "Feature", "geometry": {"type": "Polygon", "coordinates": [[[120.61818648828122, 23.76552216223111], [120.62062736639075, 23.75407442276568], [120.63300407776799, 23.75130120544818], [120.64294126769904, 23.75997700264492], [120.64050021883989, 23.77142554742309], [120.62812215061825, 23.77419748985438], [120.61818648828122, 23.76552216223111]]]}, "properties": {"hex": "874ba211cffffff", "count": 1}}, {"type": "Feature", "geometry": {"type": "Polygon", "coordinates": [[[121.12593313605609, 24.04402755537105], [121.12837829941125, 24.032583877527344], [121.14082368871921, 24.029789906328613], [121.15082525517062, 24.038440855599788], [121.14837993780189, 24.0498853057353], [121.13593320781001, 24.052678034475125], [121.12593313605609, 24.04402755537105]]]}, "properties": {"hex": "874ba2a42ffffff", "count": 1}}, {"type": "Feature", "geometry": {"type": "Polygon", "coordinates": [[[120.6445199064211, 22.695420962019707], [120.64695663417507, 22.683813562645824], [120.65931472265639, 22.68093297363018], [120.66923743436828, 22.68966108036967], [120.66680053733417, 22.701269335032418], [120.654441097688, 22.70414862782343], [120.6445199064211, 22.695420962019707]]]}, "properties": {"hex": "874bb13a8ffffff", "count": 1}}, {"type": "Feature", "geometry": {"type": "Polygon", "coordinates": [[[121.47407675069674, 24.85641321444668], [121.47652718173786, 24.845069763605533], [121.4890317186236, 24.842321585436874], [121.49908715614121, 24.850918063233774], [121.49663658243068, 24.862262235398205], [121.48413071368319, 24.865009208615643], [121.47407675069674, 24.85641321444668]]]}, "properties": {"hex": "874ba0ad8ffffff", "count": 1}}, {"type": "Feature", "geometry": {"type": "Polygon", "coordinates": [[[121.02405582571431, 22.79455461280675], [121.02649533147768, 22.782932836834064], [121.03890251457737, 22.780026933442834], [121.04887153042438, 22.788744080550384], [121.04643186788672, 22.800366691357674], [121.03402334609295, 22.80327132038263], [121.02405582571431, 22.79455461280675]]]}, "properties": {"hex": "874b84535ffffff", "count": 1}}, {"type": "Feature", "geometry": {"type": "Polygon", "coordinates": [[[120.820545488609, 24.19908795527785], [120.82298944034316, 24.18769078236472], [120.83540042431395, 24.184941059810722], [120.84536880833754, 24.193589764719118], [120.84292469231177, 24.204987714567675], [120.83051235637096, 24.207736182738568], [120.820545488609, 24.19908795527785]]]}, "properties": {"hex": "874ba048affffff", "count": 1}}, {"type": "Feature", "geometry": {"type": "Polygon", "coordinates": [[[121.71353699646954, 24.63021246809136], [121.71598771248506, 24.61881621788214], [121.72851598322804, 24.616022921288348], [121.73859485979736, 24.62462707342285], [121.73614400937392, 24.636024045854025], [121.72361441659875, 24.63881614410236], [121.71353699646954, 24.63021246809136]]]}, "properties": {"hex": "874ba15b5ffffff", "count": 1}}, {"type": "Feature", "geometry": {"type": "Polygon", "coordinates": [[[120.67411113656826, 22.66643899779937], [120.6765479417176, 22.65482517103416], [120.68890914644166, 22.651939035763984], [120.69883489588311, 22.660668022652995], [120.69639792244338, 22.672282704867868], [120.68403536767204, 22.675167544900727], [120.67411113656826, 22.66643899779937]]]}, "properties": {"hex": "874bb138dffffff", "count": 1}}, {"type": "Feature", "geometry": {"type": "Polygon", "coordinates": [[[120.65931472265639, 22.68093297363018], [120.66175148927346, 22.669322360108268], [120.67411113656826, 22.66643899779937], [120.68403536767204, 22.675167544900727], [120.68159843226958, 22.68677901379249], [120.66923743436828, 22.68966108036967], [120.65931472265639, 22.68093297363018]]]}, "properties": {"hex": "874bb13abffffff", "count": 1}}, {"type": "Feature", "geometry": {"type": "Polygon", "coordinates": [[[120.8331023962095, 23.53139155381887], [120.83554370427112, 23.51989245775254], [120.84794242099773, 23.517076047657053], [120.85790117801224, 23.52576000290767], [120.85545970644098, 23.537259906925865], [120.8430596411823, 23.540075047904313], [120.8331023962095, 23.53139155381887]]]}, "properties": {"hex": "874ba20daffffff", "count": 1}}, {"type": "Feature", "geometry": {"type": "Polygon", "coordinates": [[[121.32435890240447, 23.22099295430855], [121.32680184957917, 23.20941115740511], [121.33925432331314, 23.206518614175092], [121.34926517968793, 23.2152091180931], [121.34682208557336, 23.226791717413974], [121.33436828183781, 23.229683010563626], [121.32435890240447, 23.22099295430855]]]}, "properties": {"hex": "874b848f2ffffff", "count": 1}}, {"type": "Feature", "geometry": {"type": "Polygon", "coordinates": [[[120.5783816932535, 22.898170064639043], [120.58081879763121, 22.886597044984068], [120.59317270945017, 22.88374236825827], [120.60309087098032, 22.89246200699992], [120.60065359503483, 22.90403587496514], [120.58829832894703, 22.906889256035857], [120.5783816932535, 22.898170064639043]]]}, "properties": {"hex": "874bb1a81ffffff", "count": 1}}, {"type": "Feature", "geometry": {"type": "Polygon", "coordinates": [[[121.12834126344973, 24.640467987908114], [121.13078888889014, 24.62911609053735], [121.14324703378689, 24.626380216218546], [121.15325889634188, 24.63499746735999], [121.15081111666073, 24.64635010923527], [121.13835162847946, 24.64908475563477], [121.12834126344973, 24.640467987908114]]]}, "properties": {"hex": "874ba0019ffffff", "count": 1}}, {"type": "Feature", "geometry": {"type": "Polygon", "coordinates": [[[120.70388778806107, 22.692622951398636], [120.70632489151863, 22.681010628335173], [120.71869035110055, 22.678124309137115], [120.72862005620962, 22.68685160633017], [120.726182785428, 22.6984647823664], [120.71381597668055, 22.70134980839382], [120.70388778806107, 22.692622951398636]]]}, "properties": {"hex": "874bb1230ffffff", "count": 1}}, {"type": "Feature", "geometry": {"type": "Polygon", "coordinates": [[[121.38540496809703, 23.492828069937396], [121.38784934737127, 23.4812820979782], [121.40031477891019, 23.478410087192515], [121.41033715999667, 23.487085289765503], [121.4078926357071, 23.498632049060646], [121.39542587515957, 23.50150281861294], [121.38540496809703, 23.492828069937396]]]}, "properties": {"hex": "874b8494cffffff", "count": 1}}, {"type": "Feature", "geometry": {"type": "Polygon", "coordinates": [[[121.0536235731307, 24.65684433027194], [121.0560708283414, 24.645500524753498], [121.0685201661286, 24.642773452753396], [121.07852359450395, 24.651391417725616], [121.07607618253611, 24.66273596983648], [121.0636254987647, 24.665461810552518], [121.0536235731307, 24.65684433027194]]]}, "properties": {"hex": "874ba0015ffffff", "count": 1}}, {"type": "Feature", "geometry": {"type": "Polygon", "coordinates": [[[120.6518299980745, 22.66059319201273], [120.6542666342035, 22.648980221895837], [120.66662493073214, 22.646095563069693], [120.6765479417176, 22.65482517103416], [120.67411113656826, 22.66643899779937], [120.66175148927346, 22.669322360108268], [120.6518299980745, 22.66059319201273]]]}, "properties": {"hex": "874bb138cffffff", "count": 1}}, {"type": "Feature", "geometry": {"type": "Polygon", "coordinates": [[[121.50475133796854, 24.990037526370788], [121.50720248292538, 24.978712919921183], [121.5197135159522, 24.975974782034136], [121.52977473517582, 24.98456245075773], [121.52732344852792, 24.99588777128029], [121.51481108415838, 24.99862470918024], [121.50475133796854, 24.990037526370788]]]}, "properties": {"hex": "874ba0a5effffff", "count": 1}}, {"type": "Feature", "geometry": {"type": "Polygon", "coordinates": [[[120.7422666503041, 23.069440524753777], [120.7447055151122, 23.057880011287907], [120.75708344883253, 23.055026914274315], [120.76702386711287, 23.063735614529076], [120.76458483603994, 23.075296961484817], [120.75220555277008, 23.078148774855443], [120.7422666503041, 23.069440524753777]]]}, "properties": {"hex": "874bb1a46ffffff", "count": 1}}, {"type": "Feature", "geometry": {"type": "Polygon", "coordinates": [[[121.24648021181832, 24.25648638667188], [121.24892693382766, 24.24506630963206], [121.2613914289008, 24.242281572783636], [121.27141053914792, 24.250918144427622], [121.26896366706751, 24.262338979159622], [121.2564978346246, 24.26512248472452], [121.24648021181832, 24.25648638667188]]]}, "properties": {"hex": "874ba06a9ffffff", "count": 1}}, {"type": "Feature", "geometry": {"type": "Polygon", "coordinates": [[[121.64080087544569, 25.132813269348613], [121.64325330845867, 25.121501448791797], [121.65578358184361, 25.118763959706445], [121.66586274900234, 25.127339480769397], [121.66341017886738, 25.138652003737803], [121.65087857850537, 25.14138830340699], [121.64080087544569, 25.132813269348613]]]}, "properties": {"hex": "874ba1d20ffffff", "count": 1}}, {"type": "Feature", "geometry": {"type": "Polygon", "coordinates": [[[121.46037452068106, 25.139795968204456], [121.46282605372069, 25.12849833085175], [121.4753349401173, 25.125779117616013], [121.48539362692341, 25.13435874024664], [121.48294195061207, 25.145657086562647], [121.4704317305774, 25.14837510145903], [121.46037452068106, 25.139795968204456]]]}, "properties": {"hex": "874ba0b48ffffff", "count": 1}}, {"type": "Feature", "geometry": {"type": "Polygon", "coordinates": [[[121.11365482638534, 24.708538377645404], [121.11610264733346, 24.697198195226242], [121.12856042618786, 24.69447040914077], [121.13857172801876, 24.703084032589807], [121.13612375230109, 24.714424956919057], [121.12366462933623, 24.717151516059598], [121.11365482638534, 24.708538377645404]]]}, "properties": {"hex": "874ba002affffff", "count": 1}}, {"type": "Feature", "geometry": {"type": "Polygon", "coordinates": [[[121.51338087465933, 25.22512873177643], [121.51583304043112, 25.213840830723875], [121.52835008720126, 25.21112477188188], [121.53841630009701, 25.219697807693166], [121.53596399281517, 25.230986411835172], [121.52344561395826, 25.233701277251374], [121.51338087465933, 25.22512873177643]]]}, "properties": {"hex": "874ba56a6ffffff", "count": 1}}, {"type": "Feature", "geometry": {"type": "Polygon", "coordinates": [[[120.72636392242676, 22.75362310244475], [120.72880141550996, 22.742017870400637], [120.74117092210409, 22.739135428352313], [120.75110428411476, 22.74785950931194], [120.74866662441498, 22.759465590500056], [120.73629576914013, 22.762346741742082], [120.72636392242676, 22.75362310244475]]]}, "properties": {"hex": "874bb1224ffffff", "count": 1}}, {"type": "Feature", "geometry": {"type": "Polygon", "coordinates": [[[121.49663658243068, 24.862262235398205], [121.49908715614121, 24.850918063233774], [121.5115945186793, 24.848168268227997], [121.52165263838279, 24.856763849218016], [121.51920192276638, 24.868108741570445], [121.50669322916342, 24.8708573329182], [121.49663658243068, 24.862262235398205]]]}, "properties": {"hex": "874ba0ad9ffffff", "count": 1}}, {"type": "Feature", "geometry": {"type": "Polygon", "coordinates": [[[121.64789016568068, 25.04500880090944], [121.65034226996696, 25.033682530571625], [121.66287152382229, 25.0309358159043], [121.67294999952155, 25.03951656307414], [121.67049775839598, 25.050843539505667], [121.65796717822023, 25.053589062848623], [121.64789016568068, 25.04500880090944]]]}, "properties": {"hex": "874ba1d11ffffff", "count": 1}}, {"type": "Feature", "geometry": {"type": "Polygon", "coordinates": [[[120.45436174627426, 23.59502965352313], [120.45680083019285, 23.58356883011501], [120.46915335957162, 23.580794208078657], [120.47906816635229, 23.58948169673825], [120.47662890639425, 23.60094333998707], [120.46427501551543, 23.6037166748962], [120.45436174627426, 23.59502965352313]]]}, "properties": {"hex": "874ba2ccaffffff", "count": 1}}, {"type": "Feature", "geometry": {"type": "Polygon", "coordinates": [[[121.6819580936832, 24.332962418466103], [121.68440743320522, 24.32152231389882], [121.69692572849269, 24.31870331885056], [121.70699600595597, 24.327325635610105], [121.70454653108253, 24.33876647707754], [121.69202691390738, 24.34158426505736], [121.6819580936832, 24.332962418466103]]]}, "properties": {"hex": "874ba3801ffffff", "count": 1}}, {"type": "Feature", "geometry": {"type": "Polygon", "coordinates": [[[120.47647065111391, 23.54639626292745], [120.47890968838362, 23.534926484600017], [120.49126401634581, 23.532144991048053], [120.50118066741115, 23.540834563077873], [120.49874145485568, 23.552305162718937], [120.48638576634087, 23.555085369177082], [120.47647065111391, 23.54639626292745]]]}, "properties": {"hex": "874ba2562ffffff", "count": 1}}, {"type": "Feature", "geometry": {"type": "Polygon", "coordinates": [[[120.7594794889171, 23.76654537766268], [120.76192128730338, 23.755087091026034], [120.77431569917471, 23.752300653756393], [120.78426966457032, 23.76097377092729], [120.78182770010463, 23.772432857306917], [120.76943193614055, 23.77521802693621], [120.7594794889171, 23.76654537766268]]]}, "properties": {"hex": "874ba202dffffff", "count": 1}}, {"type": "Feature", "geometry": {"type": "Polygon", "coordinates": [[[121.15882027909694, 24.77426520456501], [121.1612686329857, 24.76293197110003], [121.17373331180124, 24.760206269161092], [121.18375097935568, 24.768815023852422], [121.18130247218167, 24.780148994468345], [121.16883645055223, 24.782873473412945], [121.15882027909694, 24.77426520456501]]]}, "properties": {"hex": "874ba0158ffffff", "count": 1}}, {"type": "Feature", "geometry": {"type": "Polygon", "coordinates": [[[120.8552663552303, 23.482563302009943], [120.8577076038106, 23.471055256801204], [120.8701080641711, 23.468231992823736], [120.88006862332516, 23.47691804325736], [120.87762721199714, 23.488426897837513], [120.86522540408009, 23.491248892775218], [120.8552663552303, 23.482563302009943]]]}, "properties": {"hex": "874ba2772ffffff", "count": 1}}, {"type": "Feature", "geometry": {"type": "Polygon", "coordinates": [[[121.34026768274043, 25.14432266214192], [121.3427185884951, 25.133034504307236], [121.35521311054029, 25.130327440393078], [121.3652580646545, 25.138909738747095], [121.36280701155154, 25.150198609869765], [121.35031115149467, 25.152904469524028], [121.34026768274043, 25.14432266214192]]]}, "properties": {"hex": "874ba0b70ffffff", "count": 1}}, {"type": "Feature", "geometry": {"type": "Polygon", "coordinates": [[[121.89658260088771, 25.05512811143121], [121.89903594314833, 25.043785595015695], [121.91159471017679, 25.041015630646463], [121.92170145180077, 25.04958936129406], [121.9192479812174, 25.0609325737175], [121.90668789714071, 25.06370135966185], [121.89658260088771, 25.05512811143121]]]}, "properties": {"hex": "874ba1c62ffffff", "count": 1}}, {"type": "Feature", "geometry": {"type": "Polygon", "coordinates": [[[121.35391164905845, 23.136980124876413], [121.35635442012229, 23.125383776175727], [121.36880873285614, 23.12248037544157], [121.37882160291633, 23.13117457379201], [121.37637868594719, 23.142771727557236], [121.36392304463698, 23.145673878071456], [121.35391164905845, 23.136980124876413]]]}, "properties": {"hex": "874b8412effffff", "count": 1}}, {"type": "Feature", "geometry": {"type": "Polygon", "coordinates": [[[121.60374636673573, 25.248544018606356], [121.60619909394761, 25.23725331191064], [121.61872741963144, 25.234530703636384], [121.62880434678165, 25.243099990492198], [121.62635148112875, 25.254391395798944], [121.61382182657658, 25.257112815814406], [121.60374636673573, 25.248544018606356]]]}, "properties": {"hex": "874ba56adffffff", "count": 1}}, {"type": "Feature", "geometry": {"type": "Polygon", "coordinates": [[[121.83369544016115, 24.570800826194073], [121.83614649004764, 24.55938666859642], [121.84868766044205, 24.55657604036092], [121.85877909803344, 24.565180763497104], [121.85632791787623, 24.57659564121238], [121.8437854302072, 24.57940507584788], [121.83369544016115, 24.570800826194073]]]}, "properties": {"hex": "874ba14a4ffffff", "count": 1}}, {"type": "Feature", "geometry": {"type": "Polygon", "coordinates": [[[121.33029444697557, 24.585165856795523], [121.33274298506693, 24.57379046217259], [121.34522451037718, 24.571029734455752], [121.35525883325504, 24.579645620575953], [121.35281014775585, 24.591021754478692], [121.34032728659923, 24.59378126315253], [121.33029444697557, 24.585165856795523]]]}, "properties": {"hex": "874ba0391ffffff", "count": 1}}, {"type": "Feature", "geometry": {"type": "Polygon", "coordinates": [[[121.18864789518958, 24.746141211698614], [121.1910963038329, 24.73480137104764], [121.20356402748224, 24.732070032967737], [121.21358468393153, 24.74067975791249], [121.21113612302136, 24.7520203358784], [121.19866705774233, 24.75475045175563], [121.18864789518958, 24.746141211698614]]]}, "properties": {"hex": "874ba0075ffffff", "count": 1}}, {"type": "Feature", "geometry": {"type": "Polygon", "coordinates": [[[121.16638797075548, 24.794204139405576], [121.16883645055223, 24.782873473412945], [121.18130247218167, 24.780148994468345], [121.19132135646443, 24.788756403791282], [121.18887272362676, 24.800087805726037], [121.17640535936096, 24.802811062566864], [121.16638797075548, 24.794204139405576]]]}, "properties": {"hex": "874ba015dffffff", "count": 1}}, {"type": "Feature", "geometry": {"type": "Polygon", "coordinates": [[[121.57274499993495, 25.06144984034293], [121.57519679229951, 25.050131608985637], [121.58771745697825, 25.047393810348108], [121.59778765827207, 25.05597543794908], [121.59533572649713, 25.067294377541945], [121.58281373264906, 25.070030981472897], [121.57274499993495, 25.06144984034293]]]}, "properties": {"hex": "874ba0a4dffffff", "count": 1}}, {"type": "Feature", "geometry": {"type": "Polygon", "coordinates": [[[120.74665321912505, 22.150816170726575], [120.74908843546712, 22.139123453426166], [120.76144825452742, 22.136180578191674], [120.77137420240183, 22.144931721324983], [120.76893882043974, 22.156625315553224], [120.75657765604262, 22.159566889874277], [120.74665321912505, 22.150816170726575]]]}, "properties": {"hex": "874b86d4effffff", "count": 1}}, {"type": "Feature", "geometry": {"type": "Polygon", "coordinates": [[[121.6699578548914, 24.94300142355576], [121.6724096467126, 24.93165742368321], [121.6849393587482, 24.928898656730205], [121.69501860381767, 24.937485082630513], [121.69256667595778, 24.94882979233924], [121.68003563887682, 24.951587366486187], [121.6699578548914, 24.94300142355576]]]}, "properties": {"hex": "874ba1d88ffffff", "count": 1}}, {"type": "Feature", "geometry": {"type": "Polygon", "coordinates": [[[120.80342709674647, 23.560004423423404], [120.80586833429386, 23.548511836985956], [120.81826395421342, 23.545701012753582], [120.82821968607452, 23.55438404513851], [120.82577828401774, 23.56587743935755], [120.81338131442686, 23.568686993572758], [120.80342709674647, 23.560004423423404]]]}, "properties": {"hex": "874ba20d1ffffff", "count": 1}}, {"type": "Feature", "geometry": {"type": "Polygon", "coordinates": [[[121.1659425553242, 24.68627823703474], [121.16839058681393, 24.67493070983802], [121.1808542845062, 24.672195699825124], [121.19087129268597, 24.680809442043834], [121.188423108196, 24.692157710187875], [121.1759580683403, 24.69489149533649], [121.1659425553242, 24.68627823703474]]]}, "properties": {"hex": "874ba0009ffffff", "count": 1}}, {"type": "Feature", "geometry": {"type": "Polygon", "coordinates": [[[121.51312553951647, 25.17138938871483], [121.51557748056602, 25.160092944276148], [121.52809335640829, 25.157371668526576], [121.53815862286514, 25.165948032244028], [121.53570654032262, 25.177245182214893], [121.52318933262684, 25.17996526311087], [121.51312553951647, 25.17138938871483]]]}, "properties": {"hex": "874ba56b3ffffff", "count": 1}}, {"type": "Feature", "geometry": {"type": "Polygon", "coordinates": [[[120.91882613309642, 24.567449351991442], [120.92127220820156, 24.556101663726178], [120.93370306644135, 24.553378773249158], [120.94368919965827, 24.562004811545282], [120.94124296333418, 24.57335325569037], [120.92881075482792, 24.576074905828072], [120.91882613309642, 24.567449351991442]]]}, "properties": {"hex": "874ba056dffffff", "count": 1}}, {"type": "Feature", "geometry": {"type": "Polygon", "coordinates": [[[121.28654361092293, 23.119591758628264], [121.28898593975737, 23.107997832375673], [121.301431760772, 23.105099026609256], [121.31143658367108, 23.113795401380735], [121.30899410667527, 23.12539013632435], [121.29654695475607, 23.128287687968903], [121.28654361092293, 23.119591758628264]]]}, "properties": {"hex": "874b84135ffffff", "count": 1}}, {"type": "Feature", "geometry": {"type": "Polygon", "coordinates": [[[121.33216282189395, 23.29624761938146], [121.33460611567948, 23.28467636391877], [121.34706107911983, 23.281790356613023], [121.35707407864165, 23.290476853064074], [121.35463063814228, 23.30204890713994], [121.3421743446487, 23.30493366631628], [121.33216282189395, 23.29624761938146]]]}, "properties": {"hex": "874b84819ffffff", "count": 1}}, {"type": "Feature", "geometry": {"type": "Polygon", "coordinates": [[[120.82787724969485, 24.16489064824669], [120.83032110729577, 24.153487687992563], [120.84273229057749, 24.150733904810878], [120.85270096763978, 24.15938433688231], [120.85025694600982, 24.170788075401045], [120.83784441116354, 24.173540603749785], [120.82787724969485, 24.16489064824669]]]}, "properties": {"hex": "874ba2b26ffffff", "count": 1}}, {"type": "Feature", "geometry": {"type": "Polygon", "coordinates": [[[121.02341632280645, 24.576970696882235], [121.0258630692402, 24.565616694095784], [121.03830702135527, 24.56288468811794], [121.04830557352936, 24.57150791991467], [121.04585866936858, 24.582862674160573], [121.03341337057573, 24.585593445319535], [121.02341632280645, 24.576970696882235]]]}, "properties": {"hex": "874ba00a3ffffff", "count": 1}}, {"type": "Feature", "geometry": {"type": "Polygon", "coordinates": [[[120.38669487628553, 23.249528661712517], [120.38913209286063, 23.238021749176113], [120.40146894270055, 23.23521936402163], [120.41136993793543, 23.243925189780338], [120.40893254330858, 23.255432941428886], [120.39659433131982, 23.258234028364747], [120.38669487628553, 23.249528661712517]]]}, "properties": {"hex": "874ba2484ffffff", "count": 1}}, {"type": "Feature", "geometry": {"type": "Polygon", "coordinates": [[[120.66176680328302, 23.449881043899346], [120.66420668477583, 23.43838276704805], [120.67658235831581, 23.43557442407451], [120.68651950414291, 23.44426563784577], [120.68407945351656, 23.45576473333146], [120.67170242601549, 23.458571796572645], [120.66176680328302, 23.449881043899346]]]}, "properties": {"hex": "874ba246bffffff", "count": 1}}, {"type": "Feature", "geometry": {"type": "Polygon", "coordinates": [[[120.88495135142409, 23.453894640902114], [120.88739266817852, 23.442380094173416], [120.89979621524826, 23.43955124731414], [120.90975979179285, 23.448238215472717], [120.90731831329191, 23.45975357173419], [120.89491341981004, 23.462581150466935], [120.88495135142409, 23.453894640902114]]]}, "properties": {"hex": "874ba2750ffffff", "count": 1}}, {"type": "Feature", "geometry": {"type": "Polygon", "coordinates": [[[120.40162018143394, 23.289944891660433], [120.40405766504956, 23.278442792896406], [120.41639723903536, 23.275643003360074], [120.4263006910717, 23.284346609325688], [120.42386302986851, 23.295849544666392], [120.41152209403766, 23.298648037623337], [120.40162018143394, 23.289944891660433]]]}, "properties": {"hex": "874ba24a1ffffff", "count": 1}}, {"type": "Feature", "geometry": {"type": "Polygon", "coordinates": [[[121.19576756309782, 24.658107045512104], [121.19821564900316, 24.646752918023143], [121.21068238931953, 24.644012274910157], [121.22070238452312, 24.65262698351909], [121.21825414663579, 24.663981852115956], [121.20578606534042, 24.666721271166633], [121.19576756309782, 24.658107045512104]]]}, "properties": {"hex": "874ba0052ffffff", "count": 1}}, {"type": "Feature", "geometry": {"type": "Polygon", "coordinates": [[[121.51920192276638, 24.868108741570445], [121.52165263838279, 24.856763849218016], [121.53416282369956, 24.854012435860135], [121.54422362347697, 24.86260711739248], [121.54177276671902, 24.873952728797065], [121.52926125113612, 24.87670293979066], [121.51920192276638, 24.868108741570445]]]}, "properties": {"hex": "874ba0364ffffff", "count": 1}}, {"type": "Feature", "geometry": {"type": "Polygon", "coordinates": [[[121.421376398011, 24.82476648777302], [121.42382641839397, 24.81342190295945], [121.43632396173857, 24.810675745490922], [121.44637281814742, 24.819275381434874], [121.44392265332205, 24.830620691042146], [121.43142377634193, 24.83336564008448], [121.421376398011, 24.82476648777302]]]}, "properties": {"hex": "874ba032cffffff", "count": 1}}, {"type": "Feature", "geometry": {"type": "Polygon", "coordinates": [[[121.24188834463196, 23.163033863802276], [121.24433059790192, 23.15144963058682], [121.25677190107953, 23.14855917846329], [121.26677228348268, 23.157254215315326], [121.2643298805314, 23.168839257070253], [121.25188724467291, 23.171728453597048], [121.24188834463196, 23.163033863802276]]]}, "properties": {"hex": "874b8489cffffff", "count": 1}}, {"type": "Feature", "geometry": {"type": "Polygon", "coordinates": [[[121.04643186788672, 22.800366691357674], [121.04887153042438, 22.788744080550384], [121.06128157700196, 22.785836675146683], [121.07125329880158, 22.794553153783838], [121.06881348023164, 22.80617659821544], [121.05640209571078, 22.809082730545562], [121.04643186788672, 22.800366691357674]]]}, "properties": {"hex": "874b84522ffffff", "count": 1}}, {"type": "Feature", "geometry": {"type": "Polygon", "coordinates": [[[121.51184957102453, 24.902131633172136], [121.51430038907901, 24.890792633988532], [121.5268104135585, 24.88804524540747], [121.53687095048234, 24.896638058058105], [121.53441999102012, 24.907977775032506], [121.52190863585271, 24.910723961739077], [121.51184957102453, 24.902131633172136]]]}, "properties": {"hex": "874ba0ac8ffffff", "count": 1}}, {"type": "Feature", "geometry": {"type": "Polygon", "coordinates": [[[121.72281189290318, 24.974582518382558], [121.72526407583501, 24.963239700076866], [121.73780071016569, 24.960478858763317], [121.74788648459406, 24.969062025247382], [121.74543416741582, 24.98040554991967], [121.73289620986486, 24.9831652019164], [121.72281189290318, 24.974582518382558]]]}, "properties": {"hex": "874ba1c33ffffff", "count": 1}}, {"type": "Feature", "geometry": {"type": "Polygon", "coordinates": [[[121.5882420402024, 25.155047474970207], [121.59069430008586, 25.143742988049247], [121.60321879507543, 25.14101279017684], [121.61329235901114, 25.149588270893645], [121.6108399602016, 25.160893461230906], [121.59831413619257, 25.16362246761015], [121.5882420402024, 25.155047474970207]]]}, "properties": {"hex": "874ba569dffffff", "count": 1}}, {"type": "Feature", "geometry": {"type": "Polygon", "coordinates": [[[121.07607618253611, 24.66273596983648], [121.07852359450395, 24.651391417725616], [121.09097580984033, 24.64866276116999], [121.10098195824727, 24.657279886896507], [121.09853439027225, 24.668625184472024], [121.08608082971196, 24.67135261102633], [121.07607618253611, 24.66273596983648]]]}, "properties": {"hex": "874ba0002ffffff", "count": 1}}, {"type": "Feature", "geometry": {"type": "Polygon", "coordinates": [[[120.90969885780368, 24.1141152658888], [120.91214301520196, 24.102698404508136], [120.92456328326925, 24.099931849988877], [120.93454074228141, 24.108583408895615], [120.932096423605, 24.120001047762596], [120.9196748070109, 24.12276635040282], [120.90969885780368, 24.1141152658888]]]}, "properties": {"hex": "874ba2b0effffff", "count": 1}}, {"type": "Feature", "geometry": {"type": "Polygon", "coordinates": [[[121.34450663497407, 24.4084831692466], [121.34695452444922, 24.397079315898832], [121.35943406205553, 24.394300004126467], [121.36946704454263, 24.402925768499042], [121.36701900822708, 24.414330368687718], [121.35453813607751, 24.417108457833326], [121.34450663497407, 24.4084831692466]]]}, "properties": {"hex": "874ba0675ffffff", "count": 1}}, {"type": "Feature", "geometry": {"type": "Polygon", "coordinates": [[[121.42039044533378, 24.60857468780424], [121.42283956850444, 24.5971963429195], [121.43533244327273, 24.594429218100576], [121.44537752738287, 24.60304165221217], [121.4429282598414, 24.614420731802984], [121.4304340523725, 24.617186642747896], [121.42039044533378, 24.60857468780424]]]}, "properties": {"hex": "874ba038bffffff", "count": 1}}, {"type": "Feature", "geometry": {"type": "Polygon", "coordinates": [[[120.74446172927694, 23.726277454691612], [120.7469032678217, 23.714814242251627], [120.75929497501662, 23.712025267173246], [120.76924649590467, 23.720700774023438], [120.76680479080544, 23.732164788703688], [120.75441173119057, 23.734952494456692], [120.74446172927694, 23.726277454691612]]]}, "properties": {"hex": "874ba202affffff", "count": 1}}, {"type": "Feature", "geometry": {"type": "Polygon", "coordinates": [[[120.88770001578688, 24.216780241583656], [120.89014445817223, 24.205380741282532], [120.90256414079387, 24.202626358717218], [120.91254073059471, 24.211272727165117], [120.91009612614272, 24.22267300098201], [120.89767509377293, 24.22542613300191], [120.88770001578688, 24.216780241583656]]]}, "properties": {"hex": "874ba04d0ffffff", "count": 1}}, {"type": "Feature", "geometry": {"type": "Polygon", "coordinates": [[[120.56458961995558, 23.24193431682727], [120.56702801809134, 23.230412655561892], [120.57938721883028, 23.227592966672844], [120.58930937752021, 23.236296228440633], [120.58687080716831, 23.247818722128752], [120.57451025016246, 23.250637121785672], [120.56458961995558, 23.24193431682727]]]}, "properties": {"hex": "874ba24dcffffff", "count": 1}}, {"type": "Feature", "geometry": {"type": "Polygon", "coordinates": [[[120.91504038496684, 23.53466737959941], [120.91748221459457, 23.523162609308663], [120.92989114630588, 23.520338829990365], [120.93985959394621, 23.52902108593918], [120.93741760352897, 23.540526660750242], [120.92500732607773, 23.543349175255447], [120.91504038496684, 23.53466737959941]]]}, "properties": {"hex": "874ba2763ffffff", "count": 1}}, {"type": "Feature", "geometry": {"type": "Polygon", "coordinates": [[[121.188423108196, 24.692157710187875], [121.19087129268597, 24.680809442043834], [121.20333785398202, 24.678072839861244], [121.21335757199519, 24.68668572957194], [121.2109092352585, 24.69803473753239], [121.19844133256899, 24.700770116136496], [121.188423108196, 24.692157710187875]]]}, "properties": {"hex": "874ba0054ffffff", "count": 1}}, {"type": "Feature", "geometry": {"type": "Polygon", "coordinates": [[[121.49689024092812, 24.916211891270407], [121.49934103911674, 24.904876199161947], [121.51184957102453, 24.902131633172136], [121.52190863585271, 24.910723961739077], [121.51945769574108, 24.922060371574243], [121.50694783253526, 24.924803735289313], [121.49689024092812, 24.916211891270407]]]}, "properties": {"hex": "874ba0accffffff", "count": 1}}, {"type": "Feature", "geometry": {"type": "Polygon", "coordinates": [[[121.38637602595445, 23.71196357091178], [121.38882129902028, 23.700450363330823], [121.40129137892242, 23.69759944864021], [121.41131751551157, 23.706262978168674], [121.4088720973579, 23.717776962952968], [121.3964006875159, 23.720626641172693], [121.38637602595445, 23.71196357091178]]]}, "properties": {"hex": "874ba3516ffffff", "count": 1}}, {"type": "Feature", "geometry": {"type": "Polygon", "coordinates": [[[120.92356386668938, 23.827838936675477], [120.92600694026282, 23.81637755089508], [120.93842298155057, 23.813581631469013], [120.9483972958413, 23.822248355816047], [120.94595406160535, 23.833710531988835], [120.93353667355764, 23.836505193587108], [120.92356386668938, 23.827838936675477]]]}, "properties": {"hex": "874ba2a9effffff", "count": 1}}, {"type": "Feature", "geometry": {"type": "Polygon", "coordinates": [[[120.81378260376725, 24.395730196438198], [120.81622732022635, 24.384363775601937], [120.82864156291997, 24.3816340518864], [120.83861244206568, 24.390271999098204], [120.83616756098165, 24.401639187865065], [120.82375196519368, 24.404367661656615], [120.81378260376725, 24.395730196438198]]]}, "properties": {"hex": "874ba0423ffffff", "count": 1}}, {"type": "Feature", "geometry": {"type": "Polygon", "coordinates": [[[121.83398054516273, 24.62503968955437], [121.8364318194752, 24.613633969449673], [121.8489741648257, 24.61082854588018], [121.85906655317625, 24.619430034870245], [121.85661514857918, 24.630836472650845], [121.84407148572502, 24.633640703939797], [121.83398054516273, 24.62503968955437]]]}, "properties": {"hex": "874ba158dffffff", "count": 1}}, {"type": "Feature", "geometry": {"type": "Polygon", "coordinates": [[[121.77290308890272, 24.46486433413415], [121.77535341373716, 24.45343807678316], [121.78788521192854, 24.450623083517367], [121.7979680041805, 24.45923554703759], [121.79551754704097, 24.470662531693772], [121.78298442976396, 24.47347632569779], [121.77290308890272, 24.46486433413415]]]}, "properties": {"hex": "874ba3948ffffff", "count": 1}}, {"type": "Feature", "geometry": {"type": "Polygon", "coordinates": [[[121.36184242245618, 24.934968737728337], [121.36429257750294, 24.923645852054904], [121.37678527634796, 24.920916219804923], [121.38682915624427, 24.929510682029647], [121.38437885468379, 24.940834289742174], [121.3718848195527, 24.943562713363736], [121.36184242245618, 24.934968737728337]]]}, "properties": {"hex": "874ba0a1affffff", "count": 1}}, {"type": "Feature", "geometry": {"type": "Polygon", "coordinates": [[[121.81276705490669, 24.88986859151893], [121.81521932083567, 24.87850593713058], [121.82776476270436, 24.875728150289387], [121.83785925792816, 24.884314204875132], [121.8354068608712, 24.89567756592042], [121.82286009952708, 24.89845416589832], [121.81276705490669, 24.88986859151893]]]}, "properties": {"hex": "874ba1cf0ffffff", "count": 1}}, {"type": "Feature", "geometry": {"type": "Polygon", "coordinates": [[[121.67758372674949, 24.962928768642946], [121.68003563887682, 24.951587366486187], [121.69256667595778, 24.94882979233924], [121.70264712557244, 24.957414812436706], [121.70019507765782, 24.968756923236988], [121.68766271572547, 24.971513305471106], [121.67758372674949, 24.962928768642946]]]}, "properties": {"hex": "874ba1d8dffffff", "count": 1}}, {"type": "Feature", "geometry": {"type": "Polygon", "coordinates": [[[121.41448997506758, 23.29918034328161], [121.41693372870283, 23.287603457859674], [121.429398664931, 23.284710036242114], [121.43942117444847, 23.293394743950202], [121.43697727687109, 23.304972424420818], [121.42451101353156, 23.30786460229991], [121.41448997506758, 23.29918034328161]]]}, "properties": {"hex": "874b848ecffffff", "count": 1}}, {"type": "Feature", "geometry": {"type": "Polygon", "coordinates": [[[121.34762029950816, 25.11045226988341], [121.35007110475003, 25.099158194138727], [121.36256579750477, 25.096447099805854], [121.37261102242263, 25.105031286173716], [121.37016007009834, 25.116326076476856], [121.35766403975057, 25.119035966027194], [121.34762029950816, 25.11045226988341]]]}, "properties": {"hex": "874ba0b54ffffff", "count": 1}}, {"type": "Feature", "geometry": {"type": "Polygon", "coordinates": [[[121.6286528777034, 24.19243812845777], [121.63110137558719, 24.180980258829244], [121.6436104122569, 24.178152790178626], [121.65367227409038, 24.186784404420585], [121.65122363910338, 24.19824301946042], [121.63871327919682, 24.20106927501809], [121.6286528777034, 24.19243812845777]]]}, "properties": {"hex": "874ba3881ffffff", "count": 1}}, {"type": "Feature", "geometry": {"type": "Polygon", "coordinates": [[[121.14837993780189, 24.0498853057353], [121.15082525517062, 24.038440855599788], [121.16327350698847, 24.03564532222578], [121.17327778117202, 24.044295480324532], [121.17083231053967, 24.05574070159258], [121.1583827188019, 24.058534993796794], [121.14837993780189, 24.0498853057353]]]}, "properties": {"hex": "874ba2a43ffffff", "count": 1}}, {"type": "Feature", "geometry": {"type": "Polygon", "coordinates": [[[120.7662493434787, 23.568424200681726], [120.76869037952254, 23.55693567909372], [120.78108154605543, 23.55412916997376], [120.79103302733402, 23.562812454349608], [120.78859182554436, 23.57430178479741], [120.77619930803988, 23.577107022172065], [120.7662493434787, 23.568424200681726]]]}, "properties": {"hex": "874ba20d4ffffff", "count": 1}}, {"type": "Feature", "geometry": {"type": "Polygon", "coordinates": [[[120.68461193056078, 23.61965467755465], [120.68705264977037, 23.608179996968307], [120.6994346790049, 23.60538618215865], [120.70937734280677, 23.614068322895367], [120.70693645512269, 23.625543813136673], [120.6945530719297, 23.628336353148534], [120.68461193056078, 23.61965467755465]]]}, "properties": {"hex": "874ba20acffffff", "count": 1}}, {"type": "Feature", "geometry": {"type": "Polygon", "coordinates": [[[121.32461078145401, 24.996992377924123], [121.32706098986056, 24.98568201150718], [121.33955050235659, 24.982962056540696], [121.34959114416614, 24.991553677068072], [121.34714078795484, 25.00286476410091], [121.334649937551, 25.005583510163376], [121.32461078145401, 24.996992377924123]]]}, "properties": {"hex": "874ba0a06ffffff", "count": 1}}, {"type": "Feature", "geometry": {"type": "Polygon", "coordinates": [[[120.52053099264218, 23.3943434824168], [120.52296971177549, 23.382847718010424], [120.53532648353342, 23.380047121507122], [120.54524589439015, 23.38874357777604], [120.54280700150566, 23.40024016905682], [120.53044887133568, 23.403039477354213], [120.52053099264218, 23.3943434824168]]]}, "properties": {"hex": "874ba240dffffff", "count": 1}}, {"type": "Feature", "geometry": {"type": "Polygon", "coordinates": [[[120.8180740533216, 23.49102040484969], [120.82051510332748, 23.479516422060907], [120.83291112249286, 23.476697471241604], [120.84286744033335, 23.485383774150012], [120.8404262263413, 23.49688856739857], [120.8280288583125, 23.49970624744133], [120.8180740533216, 23.49102040484969]]]}, "properties": {"hex": "874ba272bffffff", "count": 1}}, {"type": "Feature", "geometry": {"type": "Polygon", "coordinates": [[[121.57853201795227, 24.70356254805676], [121.58098236007527, 24.692187524623833], [121.59349615653018, 24.689414374633987], [121.60356093802557, 24.698017451708967], [121.6011104568572, 24.709393199355144], [121.58859533304943, 24.712165145886225], [121.57853201795227, 24.70356254805676]]]}, "properties": {"hex": "874ba0276ffffff", "count": 1}}, {"type": "Feature", "geometry": {"type": "Polygon", "coordinates": [[[121.68439685989262, 24.8208799453792], [121.68684821848667, 24.809515663644383], [121.69937706080306, 24.806743650251295], [121.70945586829906, 24.815337113908004], [121.7070043742153, 24.826702110418477], [121.69447420793499, 24.829472928670846], [121.68439685989262, 24.8208799453792]]]}, "properties": {"hex": "874ba1c95ffffff", "count": 1}}, {"type": "Feature", "geometry": {"type": "Polygon", "coordinates": [[[121.75223577827977, 24.838338811562505], [121.75468754103295, 24.826972388937616], [121.76722476813435, 24.824195490147662], [121.77731155380619, 24.832786205398687], [121.77485965787464, 24.844153339361085], [121.76232110925882, 24.846929046909654], [121.75223577827977, 24.838338811562505]]]}, "properties": {"hex": "874ba1c8effffff", "count": 1}}, {"type": "Feature", "geometry": {"type": "Polygon", "coordinates": [[[121.37727026484005, 25.028633191780223], [121.37972089177796, 25.017323978970552], [121.39221743038179, 25.014601999759535], [121.40226467801156, 25.02319043895984], [121.39981390503625, 25.034500368943295], [121.38731603028042, 25.03722114272603], [121.37727026484005, 25.028633191780223]]]}, "properties": {"hex": "874ba0a2affffff", "count": 1}}, {"type": "Feature", "geometry": {"type": "Polygon", "coordinates": [[[121.33100855175392, 24.74734039854503], [121.33345776247187, 24.735990277204845], [121.34594278306362, 24.733245305943427], [121.3559799293002, 24.741851671158187], [121.35353057111821, 24.753202524308673], [121.34104421397613, 24.755946280605947], [121.33100855175392, 24.74734039854503]]]}, "properties": {"hex": "874ba0332ffffff", "count": 1}}, {"type": "Feature", "geometry": {"type": "Polygon", "coordinates": [[[121.17060944418536, 24.00129637374144], [121.17305469119589, 23.989842875245625], [121.18550464344682, 23.987040492153778], [121.19551068741987, 23.9956928488757], [121.19306528791648, 24.007147119880525], [121.18061399674728, 24.009948261821787], [121.17060944418536, 24.00129637374144]]]}, "properties": {"hex": "874ba2a5bffffff", "count": 1}}, {"type": "Feature", "geometry": {"type": "Polygon", "coordinates": [[[121.33835608365459, 24.713284163903552], [121.34080519410286, 24.701928172838745], [121.35329038569937, 24.699179167479294], [121.36332780279272, 24.707787368803235], [121.36087854514572, 24.719144092957308], [121.3483920174165, 24.72189188286993], [121.33835608365459, 24.713284163903552]]]}, "properties": {"hex": "874ba0316ffffff", "count": 1}}, {"type": "Feature", "geometry": {"type": "Polygon", "coordinates": [[[120.93440700476903, 22.716077806602236], [120.9368456535359, 22.704451422862736], [120.94924020595164, 22.70154617745387], [120.9591974508593, 22.71026859654713], [120.95675864237919, 22.72189582256304], [120.94436274852202, 22.724799787368013], [120.93440700476903, 22.716077806602236]]]}, "properties": {"hex": "874bb1243ffffff", "count": 1}}, {"type": "Feature", "geometry": {"type": "Polygon", "coordinates": [[[121.3907546544469, 24.690923309164504], [121.39320395765898, 24.679559984821154], [121.40569499807275, 24.676803740040935], [121.41573806922906, 24.685412033119007], [121.41328862060227, 24.69677608955278], [121.4007962460459, 24.699531120990027], [121.3907546544469, 24.690923309164504]]]}, "properties": {"hex": "874ba03adffffff", "count": 1}}, {"type": "Feature", "geometry": {"type": "Polygon", "coordinates": [[[120.6171585013238, 23.438107064324576], [120.61959804235302, 23.426610428235875], [120.63196787873694, 23.4238051027519], [120.6418995293113, 23.432497695801914], [120.63945981768443, 23.443995152853972], [120.62708862590013, 23.446799196053444], [120.6171585013238, 23.438107064324576]]]}, "properties": {"hex": "874ba2445ffffff", "count": 1}}, {"type": "Feature", "geometry": {"type": "Polygon", "coordinates": [[[121.0200718065328, 23.707755494058905], [121.02251497540736, 23.696268790693374], [121.0349404218285, 23.69345202748587], [121.04492404207228, 23.702123223373597], [121.0424807158167, 23.71361071893023], [121.03005392651416, 23.71642622657293], [121.0200718065328, 23.707755494058905]]]}, "properties": {"hex": "874ba23adffffff", "count": 1}}, {"type": "Feature", "geometry": {"type": "Polygon", "coordinates": [[[121.56460911405581, 24.93374974961458], [121.5670603357193, 24.922411907726374], [121.5795773287626, 24.919662475037043], [121.58964442884796, 24.92825208280314], [121.58719306755708, 24.939590639016476], [121.57467474561871, 24.942338873312618], [121.56460911405581, 24.93374974961458]]]}, "properties": {"hex": "874ba1db3ffffff", "count": 1}}, {"type": "Feature", "geometry": {"type": "Polygon", "coordinates": [[[121.25566714293934, 24.655754773658305], [121.25811555773392, 24.644395865759307], [121.27058952938674, 24.641649219098632], [121.2806164248946, 24.65026270159178], [121.27816786013764, 24.661622348407096], [121.26569254964832, 24.66436777398393], [121.25566714293934, 24.655754773658305]]]}, "properties": {"hex": "874ba005affffff", "count": 1}}, {"type": "Feature", "geometry": {"type": "Polygon", "coordinates": [[[121.58010027383877, 25.027489231500017], [121.58255196299693, 25.016165086234793], [121.59507278513303, 25.01342326678521], [121.60514324666723, 25.022006787985013], [121.60269141836538, 25.03333164273908], [121.5901692674833, 25.036072266979033], [121.58010027383877, 25.027489231500017]]]}, "properties": {"hex": "874ba0a4bffffff", "count": 1}}, {"type": "Feature", "geometry": {"type": "Polygon", "coordinates": [[[120.48362877882055, 23.457374516524276], [120.48606750352792, 23.44589093259259], [120.49842090694949, 23.443099992700066], [120.50833694539801, 23.45179392560995], [120.5058980456916, 23.463278334846144], [120.493543282356, 23.466067986027983], [120.48362877882055, 23.457374516524276]]]}, "properties": {"hex": "874ba2553ffffff", "count": 1}}, {"type": "Feature", "geometry": {"type": "Polygon", "coordinates": [[[120.43895261233084, 23.39092374227751], [120.44139076232526, 23.379433715714537], [120.45373714401053, 23.376640400852988], [120.46364673660304, 23.38533840517682], [120.46120841018367, 23.396829261989307], [120.44886066741742, 23.399621284387756], [120.43895261233084, 23.39092374227751]]]}, "properties": {"hex": "874ba2404ffffff", "count": 1}}, {"type": "Feature", "geometry": {"type": "Polygon", "coordinates": [[[120.49842090694949, 23.443099992700066], [120.50085967419699, 23.43161315576917], [120.51321465457809, 23.42881942617981], [120.52313222689403, 23.43751382194991], [120.5206932851412, 23.449001484289095], [120.50833694539801, 23.45179392560995], [120.49842090694949, 23.443099992700066]]]}, "properties": {"hex": "874ba242dffffff", "count": 1}}, {"type": "Feature", "geometry": {"type": "Polygon", "coordinates": [[[121.0387285439678, 24.670909091508967], [121.04117576892422, 24.659568586675206], [121.0536235731307, 24.65684433027194], [121.0636254987647, 24.665461810552518], [121.06117811654443, 24.67680306189036], [121.04872896576875, 24.679526086613322], [121.0387285439678, 24.670909091508967]]]}, "properties": {"hex": "874ba0033ffffff", "count": 1}}, {"type": "Feature", "geometry": {"type": "Polygon", "coordinates": [[[121.58640684657117, 24.7776065498645], [121.58885753434856, 24.766242557438908], [121.60137382878904, 24.763475835625968], [121.6114407626566, 24.772074307630557], [121.60898993606733, 24.78343902060729], [121.59647231423291, 24.786204541201798], [121.58640684657117, 24.7776065498645]]]}, "properties": {"hex": "874ba035dffffff", "count": 1}}, {"type": "Feature", "geometry": {"type": "Polygon", "coordinates": [[[121.17373331180124, 24.760206269161092], [121.17618169323694, 24.748869731786446], [121.18864789518958, 24.746141211698614], [121.19866705774233, 24.75475045175563], [121.19621852353049, 24.766087726363796], [121.18375097935568, 24.768815023852422], [121.17373331180124, 24.760206269161092]]]}, "properties": {"hex": "874ba015bffffff", "count": 1}}, {"type": "Feature", "geometry": {"type": "Polygon", "coordinates": [[[120.52801001999953, 23.414532817963213], [120.53044887133568, 23.403039477354213], [120.54280700150566, 23.40024016905682], [120.55272763841539, 23.40893548890837], [120.55028861356207, 23.42042965512976], [120.53792912513616, 23.423227676047286], [120.52801001999953, 23.414532817963213]]]}, "properties": {"hex": "874ba2476ffffff", "count": 1}}, {"type": "Feature", "geometry": {"type": "Polygon", "coordinates": [[[120.50573711855195, 23.40863380396355], [120.50817579564293, 23.397141290127326], [120.52053099264218, 23.3943434824168], [120.53044887133568, 23.403039477354213], [120.52801001999953, 23.414532817963213], [120.51565346403521, 23.417329337021926], [120.50573711855195, 23.40863380396355]]]}, "properties": {"hex": "874ba242bffffff", "count": 1}}, {"type": "Feature", "geometry": {"type": "Polygon", "coordinates": [[[121.36087854514572, 24.719144092957308], [121.36332780279272, 24.707787368803235], [121.37581583620548, 24.705036760418263], [121.38585594713145, 24.71364409051557], [121.38340654304464, 24.725001546622266], [121.37091717428389, 24.727750940850964], [121.36087854514572, 24.719144092957308]]]}, "properties": {"hex": "874ba0310ffffff", "count": 1}}, {"type": "Feature", "geometry": {"type": "Polygon", "coordinates": [[[120.76902964442581, 24.383905167976394], [120.77147402941364, 24.37254028638847], [120.78388245389887, 24.369813677732274], [120.79384784777979, 24.378453203307075], [120.79140329668633, 24.38981885508348], [120.7789935176348, 24.392544211263356], [120.76902964442581, 24.383905167976394]]]}, "properties": {"hex": "874ba0435ffffff", "count": 1}}, {"type": "Feature", "geometry": {"type": "Polygon", "coordinates": [[[121.51843488713058, 24.7060311082342], [121.52088492950725, 24.694660835418794], [121.53339160658122, 24.69189373162983], [121.54344957065743, 24.700498107293598], [121.5409993871901, 24.711869106554474], [121.52849138054826, 24.714635003878893], [121.51843488713058, 24.7060311082342]]]}, "properties": {"hex": "874ba022effffff", "count": 1}}, {"type": "Feature", "geometry": {"type": "Polygon", "coordinates": [[[121.63184476837914, 24.84330477660096], [121.63429595750942, 24.831947816691827], [121.64681904141734, 24.82918307233966], [121.65689226201647, 24.837776485330217], [121.65444093559252, 24.84913416105135], [121.64191652567318, 24.851897708143973], [121.63184476837914, 24.84330477660096]]]}, "properties": {"hex": "874ba1cb6ffffff", "count": 1}}, {"type": "Feature", "geometry": {"type": "Polygon", "coordinates": [[[121.36208350296941, 24.988832107579558], [121.36453388246865, 24.97751770922179], [121.37702774821527, 24.974793316456598], [121.38707257079533, 24.983384529448653], [121.38462204476387, 24.994699647374325], [121.37212684249656, 24.99742283291312], [121.36208350296941, 24.988832107579558]]]}, "properties": {"hex": "874ba0a03ffffff", "count": 1}}, {"type": "Feature", "geometry": {"type": "Polygon", "coordinates": [[[121.09981535096095, 23.10787503176173], [121.10225656457692, 23.096293260472276], [121.11467943498431, 23.0934106925634], [121.12466242902943, 23.1021111602841], [121.12222106100472, 23.113693748581756], [121.1097968531594, 23.116575052312644], [121.09981535096095, 23.10787503176173]]]}, "properties": {"hex": "874b84d58ffffff", "count": 1}}, {"type": "Feature", "geometry": {"type": "Polygon", "coordinates": [[[120.56475594916706, 23.2967028096941], [120.56719456985272, 23.285189216833334], [120.5795549139977, 23.28237489226537], [120.58947799378454, 23.291075448768257], [120.58703920085694, 23.302589871425628], [120.57467750020426, 23.305402907943165], [120.56475594916706, 23.2967028096941]]]}, "properties": {"hex": "874ba24c5ffffff", "count": 1}}, {"type": "Feature", "geometry": {"type": "Polygon", "coordinates": [[[120.88436327138784, 23.289512319867914], [120.88680391940237, 23.277973442708127], [120.899204014299, 23.275128605828858], [120.90916480669725, 23.283823917941508], [120.90672399700472, 23.295363612409073], [120.8943225564092, 23.298207177617932], [120.88436327138784, 23.289512319867914]]]}, "properties": {"hex": "874ba261affffff", "count": 1}}, {"type": "Feature", "geometry": {"type": "Polygon", "coordinates": [[[121.78249563050606, 24.864107194658068], [121.78494764552477, 24.852742653428166], [121.79748898239795, 24.84996531310827], [121.80757962455812, 24.85855370324634], [121.80512747738553, 24.86991895347269], [121.79258482001559, 24.872695104739524], [121.78249563050606, 24.864107194658068]]]}, "properties": {"hex": "874ba1c8dffffff", "count": 1}}, {"type": "Feature", "geometry": {"type": "Polygon", "coordinates": [[[121.6011104568572, 24.709393199355144], [121.60356093802557, 24.698017451708967], [121.61607754508812, 24.695242685759272], [121.62614499734046, 24.70384486979044], [121.62369437789286, 24.715221340503014], [121.61117644428256, 24.71799490429131], [121.6011104568572, 24.709393199355144]]]}, "properties": {"hex": "874ba0270ffffff", "count": 1}}, {"type": "Feature", "geometry": {"type": "Polygon", "coordinates": [[[120.60320046604325, 23.725270016920735], [120.60564108128742, 23.71381736079319], [120.6180150784984, 23.711041591172453], [120.62794981744693, 23.719719754414633], [120.62550903098189, 23.731173218357192], [120.61313367660827, 23.733947711404866], [120.60320046604325, 23.725270016920735]]]}, "properties": {"hex": "874ba21adffffff", "count": 1}}, {"type": "Feature", "geometry": {"type": "Polygon", "coordinates": [[[121.8960002785551, 24.947173660643738], [121.8984531713028, 24.935814094266128], [121.9110095827773, 24.933033756719663], [121.92111441790277, 24.941614166903374], [121.91866139685898, 24.952974434116804], [121.90610366879379, 24.955753590486687], [121.8960002785551, 24.947173660643738]]]}, "properties": {"hex": "874ba1cecffffff", "count": 1}}, {"type": "Feature", "geometry": {"type": "Polygon", "coordinates": [[[121.66098779801341, 24.652754443816793], [121.66343834700268, 24.64136550728408], [121.67596087233439, 24.638579465792873], [121.6860341725701, 24.6471835614981], [121.68358348736882, 24.658573221308984], [121.6710596379539, 24.661358062309862], [121.66098779801341, 24.652754443816793]]]}, "properties": {"hex": "874ba025effffff", "count": 1}}, {"type": "Feature", "geometry": {"type": "Polygon", "coordinates": [[[121.58588294118819, 24.669431606615866], [121.58833318016163, 24.6580507129513], [121.60084713355506, 24.655273540033093], [121.61091217471572, 24.66387846487741], [121.60846179696307, 24.675260084014848], [121.59594651663956, 24.678036053008118], [121.58588294118819, 24.669431606615866]]]}, "properties": {"hex": "874ba0209ffffff", "count": 1}}, {"type": "Feature", "geometry": {"type": "Polygon", "coordinates": [[[121.145513066472, 23.339344494545827], [121.14795548020274, 23.327793449696408], [121.16038868441407, 23.324929064781863], [121.17038081156893, 23.333616981895506], [121.16793824483979, 23.345168831065973], [121.1555037037694, 23.348031958965453], [121.145513066472, 23.339344494545827]]]}, "properties": {"hex": "874b849aeffffff", "count": 1}}, {"type": "Feature", "geometry": {"type": "Polygon", "coordinates": [[[121.1287796293186, 24.748436001191525], [121.13122770294272, 24.73710094166456], [121.14368816984202, 24.73437560858106], [121.15370190668939, 24.742986560363512], [121.1512536787832, 24.75432235937756], [121.13879186812571, 24.757046467292742], [121.1287796293186, 24.748436001191525]]]}, "properties": {"hex": "874ba002dffffff", "count": 1}}, {"type": "Feature", "geometry": {"type": "Polygon", "coordinates": [[[120.91742984433121, 24.18846638593401], [120.91987435359918, 24.1770603194706], [120.9322971246486, 24.174300324115453], [120.94227673484232, 24.182947645103365], [120.9398320645138, 24.194354485262995], [120.92740794486825, 24.197113230905217], [120.91742984433121, 24.18846638593401]]]}, "properties": {"hex": "874ba2b2dffffff", "count": 1}}, {"type": "Feature", "geometry": {"type": "Polygon", "coordinates": [[[120.75929497501662, 23.712025267173246], [120.76173655032463, 23.700558791481473], [120.77412981275819, 23.697767020144386], [120.78408285155497, 23.70644299355021], [120.78164111019159, 23.717910271574244], [120.76924649590467, 23.720700774023438], [120.75929497501662, 23.712025267173246]]]}, "properties": {"hex": "874ba200cffffff", "count": 1}}, {"type": "Feature", "geometry": {"type": "Polygon", "coordinates": [[[120.73695448869985, 23.706138011641603], [120.739395897216, 23.694672339439798], [120.75178625182781, 23.691882094194984], [120.76173655032463, 23.700558791481473], [120.75929497501662, 23.712025267173246], [120.7469032678217, 23.714814242251627], [120.73695448869985, 23.706138011641603]]]}, "properties": {"hex": "874ba2001ffffff", "count": 1}}, {"type": "Feature", "geometry": {"type": "Polygon", "coordinates": [[[121.43681999552285, 24.918576821413406], [121.43927048633736, 24.90724587573496], [121.45177186492292, 24.904507368938866], [121.46182408600265, 24.913101013251875], [121.45937345122394, 24.924432678853865], [121.44687073914118, 24.927169980392556], [121.43681999552285, 24.918576821413406]]]}, "properties": {"hex": "874ba0ac4ffffff", "count": 1}}, {"type": "Feature", "geometry": {"type": "Polygon", "coordinates": [[[120.80546629542516, 21.981029497529995], [120.8079012121382, 21.969308512918055], [120.82026492280968, 21.96634388793286], [120.83019505919633, 21.975101548419847], [120.82775997889256, 21.9868234154911], [120.81539492561194, 21.989786739769333], [120.80546629542516, 21.981029497529995]]]}, "properties": {"hex": "874b86cedffffff", "count": 1}}, {"type": "Feature", "geometry": {"type": "Polygon", "coordinates": [[[120.57257289468262, 23.42632431133243], [120.57501209232436, 23.41482932065982], [120.58737608090503, 23.412027006735936], [120.59730222849558, 23.420720968478797], [120.59486285879503, 23.432216782440783], [120.58249751338236, 23.435017811530972], [120.57257289468262, 23.42632431133243]]]}, "properties": {"hex": "874ba2471ffffff", "count": 1}}, {"type": "Feature", "geometry": {"type": "Polygon", "coordinates": [[[121.07848492376692, 23.37672098505686], [121.08092709707249, 23.365180475453347], [121.093352879371, 23.362325989844347], [121.10333782755207, 23.37101327372826], [121.10089549898787, 23.38255458865074], [121.08846837731689, 23.38540781453382], [121.07848492376692, 23.37672098505686]]]}, "properties": {"hex": "874ba264affffff", "count": 1}}, {"type": "Feature", "geometry": {"type": "Polygon", "coordinates": [[[121.43632396173857, 24.810675745490922], [121.43877400370432, 24.799327856575555], [121.45127304619608, 24.79657887857033], [121.46132337956331, 24.805178997676965], [121.45887319366886, 24.816527611453395], [121.44637281814742, 24.819275381434874], [121.43632396173857, 24.810675745490922]]]}, "properties": {"hex": "874ba0328ffffff", "count": 1}}, {"type": "Feature", "geometry": {"type": "Polygon", "coordinates": [[[120.90910322922889, 23.95100802999217], [120.9115467163526, 23.939566377603747], [120.92396352305396, 23.9367838881254], [120.93393819025992, 23.94544430693746], [120.93149454192604, 23.9568867444984], [120.9190763874128, 23.959667978240216], [120.90910322922889, 23.95100802999217]]]}, "properties": {"hex": "874ba2aa5ffffff", "count": 1}}, {"type": "Feature", "geometry": {"type": "Polygon", "coordinates": [[[121.15129466508527, 22.919438451377484], [121.1537354206688, 22.90782529859478], [121.16616071783056, 22.904919716587457], [121.17614659402965, 22.913628552748037], [121.17370568585254, 22.925242529191188], [121.16127905388548, 22.928146845974716], [121.15129466508527, 22.919438451377484]]]}, "properties": {"hex": "874b84cc1ffffff", "count": 1}}, {"type": "Feature", "geometry": {"type": "Polygon", "coordinates": [[[120.7063977637728, 23.461646217021386], [120.70883798279954, 23.45014630406689], [120.72121948280859, 23.447334937678615], [120.73116211612358, 23.45602476158356], [120.72872172943032, 23.467525490840494], [120.71633887690712, 23.470335580051554], [120.7063977637728, 23.461646217021386]]]}, "properties": {"hex": "874ba2730ffffff", "count": 1}}, {"type": "Feature", "geometry": {"type": "Polygon", "coordinates": [[[120.916234455671, 23.862211605387955], [120.91867762438517, 23.850755964421147], [120.93109347191488, 23.84796410253184], [120.94106749771379, 23.85662913919291], [120.93862416807464, 23.868085569225684], [120.92620697337804, 23.870876173696452], [120.916234455671, 23.862211605387955]]]}, "properties": {"hex": "874ba2a82ffffff", "count": 1}}, {"type": "Feature", "geometry": {"type": "Polygon", "coordinates": [[[120.58754456728148, 23.466692860660345], [120.58998402817969, 23.45520272905086], [120.60235073026651, 23.45240298396689], [120.61227932779067, 23.46109465383089], [120.60983969530328, 23.47258560620983], [120.59747163670033, 23.475384068116057], [120.58754456728148, 23.466692860660345]]]}, "properties": {"hex": "874ba2460ffffff", "count": 1}}, {"type": "Feature", "geometry": {"type": "Polygon", "coordinates": [[[121.45912329935925, 24.870498716296847], [121.46157370967532, 24.85915857105012], [121.47407675069674, 24.85641321444668], [121.48413071368319, 24.865009208615643], [121.48168016018317, 24.87635007511988], [121.46917578669203, 24.879094226370785], [121.45912329935925, 24.870498716296847]]]}, "properties": {"hex": "874ba0adcffffff", "count": 1}}, {"type": "Feature", "geometry": {"type": "Polygon", "coordinates": [[[121.2710544469846, 24.749693028661927], [121.27350333550267, 24.73834767657712], [121.28598114872915, 24.73560872731188], [121.29601141196108, 24.744216348246304], [121.29356237395247, 24.7555624343336], [121.28108322201535, 24.75830016565549], [121.2710544469846, 24.749693028661927]]]}, "properties": {"hex": "874ba006affffff", "count": 1}}, {"type": "Feature", "geometry": {"type": "Polygon", "coordinates": [[[120.90355441393675, 24.473442476830265], [120.90600000817415, 24.46208134473177], [120.91842700989427, 24.459350672656118], [120.92840976755915, 24.46798237630795], [120.92596401164423, 24.47934426926992], [120.91353565955795, 24.482073697884605], [120.90355441393675, 24.473442476830265]]]}, "properties": {"hex": "874ba055dffffff", "count": 1}}, {"type": "Feature", "geometry": {"type": "Polygon", "coordinates": [[[121.29262429586365, 24.539319120839288], [121.2950724371911, 24.527939361334223], [121.30754844423959, 24.525177785817373], [121.31757764676487, 24.53379719206705], [121.31512935678029, 24.54517769442072], [121.30265201274048, 24.5479380478468], [121.29262429586365, 24.539319120839288]]]}, "properties": {"hex": "874ba0761ffffff", "count": 1}}, {"type": "Feature", "geometry": {"type": "Polygon", "coordinates": [[[121.76889948850746, 25.14792011851432], [121.77135261341685, 25.13660148272496], [121.78389835987157, 25.13385295902969], [121.79399230349802, 25.14242425383859], [121.79153904584219, 25.15374358644424], [121.77899197711511, 25.156490927600775], [121.76889948850746, 25.14792011851432]]]}, "properties": {"hex": "874ba1d75ffffff", "count": 1}}, {"type": "Feature", "geometry": {"type": "Polygon", "coordinates": [[[121.38437885468379, 24.940834289742174], [121.38682915624427, 24.929510682029647], [121.39932469600694, 24.92677943583302], [121.40937126951935, 24.93537300486092], [121.4069208222056, 24.946697333485584], [121.39442394694453, 24.949427372343216], [121.38437885468379, 24.940834289742174]]]}, "properties": {"hex": "874ba0a1bffffff", "count": 1}}, {"type": "Feature", "geometry": {"type": "Polygon", "coordinates": [[[121.7151809627379, 24.954655605461603], [121.7176330258667, 24.943310187055552], [121.73016833678162, 24.940548155531896], [121.7402529077929, 24.949132732799377], [121.73780071016569, 24.960478858763317], [121.72526407583501, 24.963239700076866], [121.7151809627379, 24.954655605461603]]]}, "properties": {"hex": "874ba1c14ffffff", "count": 1}}, {"type": "Feature", "geometry": {"type": "Polygon", "coordinates": [[[121.77597883427164, 25.060072100285403], [121.77843162887518, 25.048738999670785], [121.79097634587427, 25.04598126921345], [121.80106958969301, 25.054557823983192], [121.79861666262497, 25.065891625071252], [121.78607062401149, 25.068648171091915], [121.77597883427164, 25.060072100285403]]]}, "properties": {"hex": "874ba1d52ffffff", "count": 1}}, {"type": "Feature", "geometry": {"type": "Polygon", "coordinates": [[[121.36364473571393, 23.65141986049693], [121.36608963944542, 23.639899223517777], [121.37855572842776, 23.637044594406795], [121.38857824398153, 23.645711841415523], [121.38613319442472, 23.657233259315298], [121.3736657749527, 23.660086649452502], [121.36364473571393, 23.65141986049693]]]}, "properties": {"hex": "874ba35a2ffffff", "count": 1}}]}